method,mode,period,max_lag,K,alpha,n_edges,density
granger,log_price,0,1,none,0.001,11,0.01264367816091954
granger,log_price,0,1,none,0.005,25,0.028735632183908046
granger,log_price,0,1,none,0.01,32,0.0367816091954023
granger,log_price,0,1,none,0.02,41,0.047126436781609195
granger,log_price,0,1,none,0.05,82,0.09425287356321839
granger,log_price,0,1,none,0.1,146,0.167816091954023
granger,log_price,0,1,none,0.2,248,0.2850574712643678
granger,log_price,0,1,none,0.3,342,0.3931034482758621
granger,log_price,0,1,none,0.5,487,0.5597701149425287
granger,log_price,0,1,5,0.001,8,0.009195402298850575
granger,log_price,0,1,5,0.005,14,0.016091954022988506
granger,log_price,0,1,5,0.01,20,0.022988505747126436
granger,log_price,0,1,5,0.02,25,0.028735632183908046
granger,log_price,0,1,5,0.05,57,0.06551724137931035
granger,log_price,0,1,5,0.1,94,0.10804597701149425
granger,log_price,0,1,5,0.2,131,0.15057471264367817
granger,log_price,0,1,5,0.3,141,0.16206896551724137
granger,log_price,0,1,5,0.5,150,0.1724137931034483
granger,log_price,0,1,4,0.001,7,0.008045977011494253
granger,log_price,0,1,4,0.005,13,0.014942528735632184
granger,log_price,0,1,4,0.01,18,0.020689655172413793
granger,log_price,0,1,4,0.02,22,0.02528735632183908
granger,log_price,0,1,4,0.05,53,0.06091954022988506
granger,log_price,0,1,4,0.1,85,0.09770114942528736
granger,log_price,0,1,4,0.2,109,0.12528735632183907
granger,log_price,0,1,4,0.3,114,0.1310344827586207
granger,log_price,0,1,4,0.5,120,0.13793103448275862
granger,log_price,0,2,none,0.001,8,0.009195402298850575
granger,log_price,0,2,none,0.005,19,0.021839080459770115
granger,log_price,0,2,none,0.01,27,0.03103448275862069
granger,log_price,0,2,none,0.02,37,0.04252873563218391
granger,log_price,0,2,none,0.05,74,0.08505747126436781
granger,log_price,0,2,none,0.1,129,0.1482758620689655
granger,log_price,0,2,none,0.2,237,0.27241379310344827
granger,log_price,0,2,none,0.3,339,0.3896551724137931
granger,log_price,0,2,none,0.5,511,0.5873563218390805
granger,log_price,0,2,5,0.001,6,0.006896551724137931
granger,log_price,0,2,5,0.005,12,0.013793103448275862
granger,log_price,0,2,5,0.01,18,0.020689655172413793
granger,log_price,0,2,5,0.02,26,0.029885057471264367
granger,log_price,0,2,5,0.05,57,0.06551724137931035
granger,log_price,0,2,5,0.1,97,0.11149425287356322
granger,log_price,0,2,5,0.2,143,0.16436781609195403
granger,log_price,0,2,5,0.3,149,0.17126436781609194
granger,log_price,0,2,5,0.5,150,0.1724137931034483
granger,log_price,0,2,4,0.001,5,0.005747126436781609
granger,log_price,0,2,4,0.005,11,0.01264367816091954
granger,log_price,0,2,4,0.01,17,0.01954022988505747
granger,log_price,0,2,4,0.02,24,0.027586206896551724
granger,log_price,0,2,4,0.05,53,0.06091954022988506
granger,log_price,0,2,4,0.1,89,0.10229885057471265
granger,log_price,0,2,4,0.2,116,0.13333333333333333
granger,log_price,0,2,4,0.3,120,0.13793103448275862
granger,log_price,0,2,4,0.5,120,0.13793103448275862
granger,log_price,0,3,none,0.001,8,0.009195402298850575
granger,log_price,0,3,none,0.005,26,0.029885057471264367
granger,log_price,0,3,none,0.01,36,0.041379310344827586
granger,log_price,0,3,none,0.02,50,0.05747126436781609
granger,log_price,0,3,none,0.05,89,0.10229885057471265
granger,log_price,0,3,none,0.1,150,0.1724137931034483
granger,log_price,0,3,none,0.2,237,0.27241379310344827
granger,log_price,0,3,none,0.3,324,0.3724137931034483
granger,log_price,0,3,none,0.5,488,0.5609195402298851
granger,log_price,0,3,5,0.001,8,0.009195402298850575
granger,log_price,0,3,5,0.005,15,0.017241379310344827
granger,log_price,0,3,5,0.01,23,0.026436781609195402
granger,log_price,0,3,5,0.02,34,0.03908045977011494
granger,log_price,0,3,5,0.05,62,0.07126436781609195
granger,log_price,0,3,5,0.1,92,0.10574712643678161
granger,log_price,0,3,5,0.2,126,0.14482758620689656
granger,log_price,0,3,5,0.3,147,0.16896551724137931
granger,log_price,0,3,5,0.5,150,0.1724137931034483
granger,log_price,0,3,4,0.001,7,0.008045977011494253
granger,log_price,0,3,4,0.005,14,0.016091954022988506
granger,log_price,0,3,4,0.01,22,0.02528735632183908
granger,log_price,0,3,4,0.02,32,0.0367816091954023
granger,log_price,0,3,4,0.05,57,0.06551724137931035
granger,log_price,0,3,4,0.1,82,0.09425287356321839
granger,log_price,0,3,4,0.2,109,0.12528735632183907
granger,log_price,0,3,4,0.3,119,0.1367816091954023
granger,log_price,0,3,4,0.5,120,0.13793103448275862
granger,log_price,1,1,none,0.001,1,0.0011494252873563218
granger,log_price,1,1,none,0.005,6,0.006896551724137931
granger,log_price,1,1,none,0.01,14,0.016091954022988506
granger,log_price,1,1,none,0.02,27,0.03103448275862069
granger,log_price,1,1,none,0.05,65,0.07471264367816093
granger,log_price,1,1,none,0.1,128,0.1471264367816092
granger,log_price,1,1,none,0.2,226,0.2597701149425287
granger,log_price,1,1,none,0.3,305,0.3505747126436782
granger,log_price,1,1,none,0.5,487,0.5597701149425287
granger,log_price,1,1,5,0.001,1,0.0011494252873563218
granger,log_price,1,1,5,0.005,6,0.006896551724137931
granger,log_price,1,1,5,0.01,14,0.016091954022988506
granger,log_price,1,1,5,0.02,25,0.028735632183908046
granger,log_price,1,1,5,0.05,53,0.06091954022988506
granger,log_price,1,1,5,0.1,82,0.09425287356321839
granger,log_price,1,1,5,0.2,115,0.13218390804597702
granger,log_price,1,1,5,0.3,133,0.1528735632183908
granger,log_price,1,1,5,0.5,147,0.16896551724137931
granger,log_price,1,1,4,0.001,1,0.0011494252873563218
granger,log_price,1,1,4,0.005,6,0.006896551724137931
granger,log_price,1,1,4,0.01,14,0.016091954022988506
granger,log_price,1,1,4,0.02,24,0.027586206896551724
granger,log_price,1,1,4,0.05,48,0.05517241379310345
granger,log_price,1,1,4,0.1,72,0.08275862068965517
granger,log_price,1,1,4,0.2,96,0.1103448275862069
granger,log_price,1,1,4,0.3,110,0.12643678160919541
granger,log_price,1,1,4,0.5,118,0.135632183908046
granger,log_price,1,2,none,0.001,4,0.004597701149425287
granger,log_price,1,2,none,0.005,12,0.013793103448275862
granger,log_price,1,2,none,0.01,14,0.016091954022988506
granger,log_price,1,2,none,0.02,21,0.02413793103448276
granger,log_price,1,2,none,0.05,53,0.06091954022988506
granger,log_price,1,2,none,0.1,100,0.11494252873563218
granger,log_price,1,2,none,0.2,201,0.23103448275862068
granger,log_price,1,2,none,0.3,282,0.32413793103448274
granger,log_price,1,2,none,0.5,472,0.542528735632184
granger,log_price,1,2,5,0.001,4,0.004597701149425287
granger,log_price,1,2,5,0.005,12,0.013793103448275862
granger,log_price,1,2,5,0.01,14,0.016091954022988506
granger,log_price,1,2,5,0.02,19,0.021839080459770115
granger,log_price,1,2,5,0.05,45,0.05172413793103448
granger,log_price,1,2,5,0.1,76,0.08735632183908046
granger,log_price,1,2,5,0.2,123,0.1413793103448276
granger,log_price,1,2,5,0.3,138,0.15862068965517243
granger,log_price,1,2,5,0.5,150,0.1724137931034483
granger,log_price,1,2,4,0.001,4,0.004597701149425287
granger,log_price,1,2,4,0.005,11,0.01264367816091954
granger,log_price,1,2,4,0.01,13,0.014942528735632184
granger,log_price,1,2,4,0.02,18,0.020689655172413793
granger,log_price,1,2,4,0.05,41,0.047126436781609195
granger,log_price,1,2,4,0.1,68,0.07816091954022988
granger,log_price,1,2,4,0.2,104,0.11954022988505747
granger,log_price,1,2,4,0.3,114,0.1310344827586207
granger,log_price,1,2,4,0.5,120,0.13793103448275862
granger,log_price,1,3,none,0.001,2,0.0022988505747126436
granger,log_price,1,3,none,0.005,10,0.011494252873563218
granger,log_price,1,3,none,0.01,14,0.016091954022988506
granger,log_price,1,3,none,0.02,26,0.029885057471264367
granger,log_price,1,3,none,0.05,60,0.06896551724137931
granger,log_price,1,3,none,0.1,122,0.14022988505747128
granger,log_price,1,3,none,0.2,241,0.2770114942528736
granger,log_price,1,3,none,0.3,352,0.4045977011494253
granger,log_price,1,3,none,0.5,522,0.6
granger,log_price,1,3,5,0.001,2,0.0022988505747126436
granger,log_price,1,3,5,0.005,10,0.011494252873563218
granger,log_price,1,3,5,0.01,14,0.016091954022988506
granger,log_price,1,3,5,0.02,25,0.028735632183908046
granger,log_price,1,3,5,0.05,54,0.06206896551724138
granger,log_price,1,3,5,0.1,92,0.10574712643678161
granger,log_price,1,3,5,0.2,136,0.15632183908045977
granger,log_price,1,3,5,0.3,146,0.167816091954023
granger,log_price,1,3,5,0.5,150,0.1724137931034483
granger,log_price,1,3,4,0.001,2,0.0022988505747126436
granger,log_price,1,3,4,0.005,10,0.011494252873563218
granger,log_price,1,3,4,0.01,14,0.016091954022988506
granger,log_price,1,3,4,0.02,23,0.026436781609195402
granger,log_price,1,3,4,0.05,52,0.059770114942528735
granger,log_price,1,3,4,0.1,81,0.09310344827586207
granger,log_price,1,3,4,0.2,114,0.1310344827586207
granger,log_price,1,3,4,0.3,118,0.135632183908046
granger,log_price,1,3,4,0.5,120,0.13793103448275862
granger,log_price,2,1,none,0.001,4,0.004597701149425287
granger,log_price,2,1,none,0.005,28,0.03218390804597701
granger,log_price,2,1,none,0.01,45,0.05172413793103448
granger,log_price,2,1,none,0.02,77,0.08850574712643679
granger,log_price,2,1,none,0.05,117,0.13448275862068965
granger,log_price,2,1,none,0.1,166,0.19080459770114944
granger,log_price,2,1,none,0.2,289,0.332183908045977
granger,log_price,2,1,none,0.3,383,0.44022988505747124
granger,log_price,2,1,none,0.5,532,0.6114942528735632
granger,log_price,2,1,5,0.001,4,0.004597701149425287
granger,log_price,2,1,5,0.005,20,0.022988505747126436
granger,log_price,2,1,5,0.01,26,0.029885057471264367
granger,log_price,2,1,5,0.02,44,0.05057471264367816
granger,log_price,2,1,5,0.05,68,0.07816091954022988
granger,log_price,2,1,5,0.1,96,0.1103448275862069
granger,log_price,2,1,5,0.2,125,0.14367816091954022
granger,log_price,2,1,5,0.3,138,0.15862068965517243
granger,log_price,2,1,5,0.5,148,0.17011494252873563
granger,log_price,2,1,4,0.001,4,0.004597701149425287
granger,log_price,2,1,4,0.005,18,0.020689655172413793
granger,log_price,2,1,4,0.01,22,0.02528735632183908
granger,log_price,2,1,4,0.02,40,0.04597701149425287
granger,log_price,2,1,4,0.05,60,0.06896551724137931
granger,log_price,2,1,4,0.1,81,0.09310344827586207
granger,log_price,2,1,4,0.2,102,0.11724137931034483
granger,log_price,2,1,4,0.3,112,0.12873563218390804
granger,log_price,2,1,4,0.5,119,0.1367816091954023
granger,log_price,2,2,none,0.001,7,0.008045977011494253
granger,log_price,2,2,none,0.005,28,0.03218390804597701
granger,log_price,2,2,none,0.01,43,0.04942528735632184
granger,log_price,2,2,none,0.02,71,0.08160919540229886
granger,log_price,2,2,none,0.05,139,0.15977011494252874
granger,log_price,2,2,none,0.1,204,0.23448275862068965
granger,log_price,2,2,none,0.2,352,0.4045977011494253
granger,log_price,2,2,none,0.3,472,0.542528735632184
granger,log_price,2,2,none,0.5,650,0.7471264367816092
granger,log_price,2,2,5,0.001,7,0.008045977011494253
granger,log_price,2,2,5,0.005,28,0.03218390804597701
granger,log_price,2,2,5,0.01,41,0.047126436781609195
granger,log_price,2,2,5,0.02,60,0.06896551724137931
granger,log_price,2,2,5,0.05,108,0.12413793103448276
granger,log_price,2,2,5,0.1,128,0.1471264367816092
granger,log_price,2,2,5,0.2,146,0.167816091954023
granger,log_price,2,2,5,0.3,150,0.1724137931034483
granger,log_price,2,2,5,0.5,150,0.1724137931034483
granger,log_price,2,2,4,0.001,7,0.008045977011494253
granger,log_price,2,2,4,0.005,28,0.03218390804597701
granger,log_price,2,2,4,0.01,38,0.04367816091954023
granger,log_price,2,2,4,0.02,56,0.06436781609195402
granger,log_price,2,2,4,0.05,93,0.10689655172413794
granger,log_price,2,2,4,0.1,108,0.12413793103448276
granger,log_price,2,2,4,0.2,118,0.135632183908046
granger,log_price,2,2,4,0.3,120,0.13793103448275862
granger,log_price,2,2,4,0.5,120,0.13793103448275862
granger,log_price,2,3,none,0.001,7,0.008045977011494253
granger,log_price,2,3,none,0.005,22,0.02528735632183908
granger,log_price,2,3,none,0.01,28,0.03218390804597701
granger,log_price,2,3,none,0.02,45,0.05172413793103448
granger,log_price,2,3,none,0.05,93,0.10689655172413794
granger,log_price,2,3,none,0.1,156,0.1793103448275862
granger,log_price,2,3,none,0.2,274,0.31494252873563217
granger,log_price,2,3,none,0.3,381,0.4379310344827586
granger,log_price,2,3,none,0.5,541,0.6218390804597701
granger,log_price,2,3,5,0.001,7,0.008045977011494253
granger,log_price,2,3,5,0.005,22,0.02528735632183908
granger,log_price,2,3,5,0.01,28,0.03218390804597701
granger,log_price,2,3,5,0.02,44,0.05057471264367816
granger,log_price,2,3,5,0.05,77,0.08850574712643679
granger,log_price,2,3,5,0.1,103,0.11839080459770115
granger,log_price,2,3,5,0.2,136,0.15632183908045977
granger,log_price,2,3,5,0.3,149,0.17126436781609194
granger,log_price,2,3,5,0.5,150,0.1724137931034483
granger,log_price,2,3,4,0.001,7,0.008045977011494253
granger,log_price,2,3,4,0.005,22,0.02528735632183908
granger,log_price,2,3,4,0.01,28,0.03218390804597701
granger,log_price,2,3,4,0.02,43,0.04942528735632184
granger,log_price,2,3,4,0.05,67,0.07701149425287357
granger,log_price,2,3,4,0.1,89,0.10229885057471265
granger,log_price,2,3,4,0.2,113,0.12988505747126436
granger,log_price,2,3,4,0.3,120,0.13793103448275862
granger,log_price,2,3,4,0.5,120,0.13793103448275862
granger,log_price,3,1,none,0.001,20,0.022988505747126436
granger,log_price,3,1,none,0.005,50,0.05747126436781609
granger,log_price,3,1,none,0.01,64,0.0735632183908046
granger,log_price,3,1,none,0.02,99,0.11379310344827587
granger,log_price,3,1,none,0.05,163,0.18735632183908046
granger,log_price,3,1,none,0.1,232,0.26666666666666666
granger,log_price,3,1,none,0.2,339,0.3896551724137931
granger,log_price,3,1,none,0.3,433,0.49770114942528737
granger,log_price,3,1,none,0.5,573,0.6586206896551724
granger,log_price,3,1,5,0.001,19,0.021839080459770115
granger,log_price,3,1,5,0.005,44,0.05057471264367816
granger,log_price,3,1,5,0.01,55,0.06321839080459771
granger,log_price,3,1,5,0.02,79,0.09080459770114943
granger,log_price,3,1,5,0.05,99,0.11379310344827587
granger,log_price,3,1,5,0.1,119,0.1367816091954023
granger,log_price,3,1,5,0.2,141,0.16206896551724137
granger,log_price,3,1,5,0.3,148,0.17011494252873563
granger,log_price,3,1,5,0.5,150,0.1724137931034483
granger,log_price,3,1,4,0.001,18,0.020689655172413793
granger,log_price,3,1,4,0.005,42,0.04827586206896552
granger,log_price,3,1,4,0.01,51,0.05862068965517241
granger,log_price,3,1,4,0.02,69,0.07931034482758621
granger,log_price,3,1,4,0.05,85,0.09770114942528736
granger,log_price,3,1,4,0.1,101,0.11609195402298851
granger,log_price,3,1,4,0.2,115,0.13218390804597702
granger,log_price,3,1,4,0.3,120,0.13793103448275862
granger,log_price,3,1,4,0.5,120,0.13793103448275862
granger,log_price,3,2,none,0.001,9,0.010344827586206896
granger,log_price,3,2,none,0.005,26,0.029885057471264367
granger,log_price,3,2,none,0.01,39,0.04482758620689655
granger,log_price,3,2,none,0.02,63,0.07241379310344828
granger,log_price,3,2,none,0.05,106,0.12183908045977011
granger,log_price,3,2,none,0.1,166,0.19080459770114944
granger,log_price,3,2,none,0.2,264,0.30344827586206896
granger,log_price,3,2,none,0.3,337,0.3873563218390805
granger,log_price,3,2,none,0.5,514,0.5908045977011495
granger,log_price,3,2,5,0.001,9,0.010344827586206896
granger,log_price,3,2,5,0.005,25,0.028735632183908046
granger,log_price,3,2,5,0.01,33,0.03793103448275862
granger,log_price,3,2,5,0.02,51,0.05862068965517241
granger,log_price,3,2,5,0.05,78,0.0896551724137931
granger,log_price,3,2,5,0.1,109,0.12528735632183907
granger,log_price,3,2,5,0.2,139,0.15977011494252874
granger,log_price,3,2,5,0.3,149,0.17126436781609194
granger,log_price,3,2,5,0.5,150,0.1724137931034483
granger,log_price,3,2,4,0.001,9,0.010344827586206896
granger,log_price,3,2,4,0.005,24,0.027586206896551724
granger,log_price,3,2,4,0.01,31,0.035632183908045977
granger,log_price,3,2,4,0.02,47,0.054022988505747126
granger,log_price,3,2,4,0.05,69,0.07931034482758621
granger,log_price,3,2,4,0.1,95,0.10919540229885058
granger,log_price,3,2,4,0.2,117,0.13448275862068965
granger,log_price,3,2,4,0.3,120,0.13793103448275862
granger,log_price,3,2,4,0.5,120,0.13793103448275862
granger,log_price,3,3,none,0.001,5,0.005747126436781609
granger,log_price,3,3,none,0.005,16,0.01839080459770115
granger,log_price,3,3,none,0.01,20,0.022988505747126436
granger,log_price,3,3,none,0.02,38,0.04367816091954023
granger,log_price,3,3,none,0.05,86,0.09885057471264368
granger,log_price,3,3,none,0.1,162,0.18620689655172415
granger,log_price,3,3,none,0.2,294,0.33793103448275863
granger,log_price,3,3,none,0.3,411,0.4724137931034483
granger,log_price,3,3,none,0.5,574,0.6597701149425287
granger,log_price,3,3,5,0.001,5,0.005747126436781609
granger,log_price,3,3,5,0.005,16,0.01839080459770115
granger,log_price,3,3,5,0.01,20,0.022988505747126436
granger,log_price,3,3,5,0.02,37,0.04252873563218391
granger,log_price,3,3,5,0.05,76,0.08735632183908046
granger,log_price,3,3,5,0.1,123,0.1413793103448276
granger,log_price,3,3,5,0.2,144,0.16551724137931034
granger,log_price,3,3,5,0.3,149,0.17126436781609194
granger,log_price,3,3,5,0.5,150,0.1724137931034483
granger,log_price,3,3,4,0.001,5,0.005747126436781609
granger,log_price,3,3,4,0.005,16,0.01839080459770115
granger,log_price,3,3,4,0.01,20,0.022988505747126436
granger,log_price,3,3,4,0.02,35,0.040229885057471264
granger,log_price,3,3,4,0.05,71,0.08160919540229886
granger,log_price,3,3,4,0.1,106,0.12183908045977011
granger,log_price,3,3,4,0.2,116,0.13333333333333333
granger,log_price,3,3,4,0.3,120,0.13793103448275862
granger,log_price,3,3,4,0.5,120,0.13793103448275862
digauss,log_price,0,1,none,0.001,8,0.009195402298850575
digauss,log_price,0,1,none,0.005,15,0.017241379310344827
digauss,log_price,0,1,none,0.01,22,0.02528735632183908
digauss,log_price,0,1,none,0.02,44,0.05057471264367816
digauss,log_price,0,1,none,0.05,85,0.09770114942528736
digauss,log_price,0,1,none,0.1,149,0.17126436781609194
digauss,log_price,0,1,none,0.2,259,0.29770114942528736
digauss,log_price,0,1,none,0.3,355,0.40804597701149425
digauss,log_price,0,1,none,0.5,502,0.5770114942528736
digauss,log_price,0,1,5,0.001,8,0.009195402298850575
digauss,log_price,0,1,5,0.005,14,0.016091954022988506
digauss,log_price,0,1,5,0.01,18,0.020689655172413793
digauss,log_price,0,1,5,0.02,33,0.03793103448275862
digauss,log_price,0,1,5,0.05,64,0.0735632183908046
digauss,log_price,0,1,5,0.1,99,0.11379310344827587
digauss,log_price,0,1,5,0.2,135,0.15517241379310345
digauss,log_price,0,1,5,0.3,145,0.16666666666666666
digauss,log_price,0,1,5,0.5,150,0.1724137931034483
digauss,log_price,0,1,4,0.001,8,0.009195402298850575
digauss,log_price,0,1,4,0.005,13,0.014942528735632184
digauss,log_price,0,1,4,0.01,17,0.01954022988505747
digauss,log_price,0,1,4,0.02,31,0.035632183908045977
digauss,log_price,0,1,4,0.05,58,0.06666666666666667
digauss,log_price,0,1,4,0.1,88,0.10114942528735632
digauss,log_price,0,1,4,0.2,111,0.12758620689655173
digauss,log_price,0,1,4,0.3,117,0.13448275862068965
digauss,log_price,0,1,4,0.5,120,0.13793103448275862
digauss,log_price,0,2,none,0.001,16,0.01839080459770115
digauss,log_price,0,2,none,0.005,31,0.035632183908045977
digauss,log_price,0,2,none,0.01,42,0.04827586206896552
digauss,log_price,0,2,none,0.02,59,0.067816091954023
digauss,log_price,0,2,none,0.05,103,0.11839080459770115
digauss,log_price,0,2,none,0.1,165,0.1896551724137931
digauss,log_price,0,2,none,0.2,289,0.332183908045977
digauss,log_price,0,2,none,0.3,375,0.43103448275862066
digauss,log_price,0,2,none,0.5,543,0.6241379310344828
digauss,log_price,0,2,5,0.001,14,0.016091954022988506
digauss,log_price,0,2,5,0.005,25,0.028735632183908046
digauss,log_price,0,2,5,0.01,35,0.040229885057471264
digauss,log_price,0,2,5,0.02,47,0.054022988505747126
digauss,log_price,0,2,5,0.05,79,0.09080459770114943
digauss,log_price,0,2,5,0.1,119,0.1367816091954023
digauss,log_price,0,2,5,0.2,150,0.1724137931034483
digauss,log_price,0,2,5,0.3,150,0.1724137931034483
digauss,log_price,0,2,5,0.5,150,0.1724137931034483
digauss,log_price,0,2,4,0.001,13,0.014942528735632184
digauss,log_price,0,2,4,0.005,23,0.026436781609195402
digauss,log_price,0,2,4,0.01,33,0.03793103448275862
digauss,log_price,0,2,4,0.02,45,0.05172413793103448
digauss,log_price,0,2,4,0.05,74,0.08505747126436781
digauss,log_price,0,2,4,0.1,104,0.11954022988505747
digauss,log_price,0,2,4,0.2,120,0.13793103448275862
digauss,log_price,0,2,4,0.3,120,0.13793103448275862
digauss,log_price,0,2,4,0.5,120,0.13793103448275862
digauss,log_price,0,3,none,0.001,5,0.005747126436781609
digauss,log_price,0,3,none,0.005,23,0.026436781609195402
digauss,log_price,0,3,none,0.01,39,0.04482758620689655
digauss,log_price,0,3,none,0.02,68,0.07816091954022988
digauss,log_price,0,3,none,0.05,114,0.1310344827586207
digauss,log_price,0,3,none,0.1,169,0.19425287356321838
digauss,log_price,0,3,none,0.2,269,0.30919540229885056
digauss,log_price,0,3,none,0.3,350,0.40229885057471265
digauss,log_price,0,3,none,0.5,511,0.5873563218390805
digauss,log_price,0,3,5,0.001,5,0.005747126436781609
digauss,log_price,0,3,5,0.005,21,0.02413793103448276
digauss,log_price,0,3,5,0.01,33,0.03793103448275862
digauss,log_price,0,3,5,0.02,50,0.05747126436781609
digauss,log_price,0,3,5,0.05,73,0.0839080459770115
digauss,log_price,0,3,5,0.1,104,0.11954022988505747
digauss,log_price,0,3,5,0.2,135,0.15517241379310345
digauss,log_price,0,3,5,0.3,148,0.17011494252873563
digauss,log_price,0,3,5,0.5,150,0.1724137931034483
digauss,log_price,0,3,4,0.001,5,0.005747126436781609
digauss,log_price,0,3,4,0.005,20,0.022988505747126436
digauss,log_price,0,3,4,0.01,31,0.035632183908045977
digauss,log_price,0,3,4,0.02,45,0.05172413793103448
digauss,log_price,0,3,4,0.05,66,0.07586206896551724
digauss,log_price,0,3,4,0.1,92,0.10574712643678161
digauss,log_price,0,3,4,0.2,113,0.12988505747126436
digauss,log_price,0,3,4,0.3,120,0.13793103448275862
digauss,log_price,0,3,4,0.5,120,0.13793103448275862
digauss,log_price,1,1,none,0.001,2,0.0022988505747126436
digauss,log_price,1,1,none,0.005,12,0.013793103448275862
digauss,log_price,1,1,none,0.01,24,0.027586206896551724
digauss,log_price,1,1,none,0.02,43,0.04942528735632184
digauss,log_price,1,1,none,0.05,94,0.10804597701149425
digauss,log_price,1,1,none,0.1,154,0.17701149425287357
digauss,log_price,1,1,none,0.2,247,0.28390804597701147
digauss,log_price,1,1,none,0.3,322,0.3701149425287356
digauss,log_price,1,1,none,0.5,497,0.5712643678160919
digauss,log_price,1,1,5,0.001,2,0.0022988505747126436
digauss,log_price,1,1,5,0.005,12,0.013793103448275862
digauss,log_price,1,1,5,0.01,24,0.027586206896551724
digauss,log_price,1,1,5,0.02,36,0.041379310344827586
digauss,log_price,1,1,5,0.05,67,0.07701149425287357
digauss,log_price,1,1,5,0.1,92,0.10574712643678161
digauss,log_price,1,1,5,0.2,118,0.135632183908046
digauss,log_price,1,1,5,0.3,133,0.1528735632183908
digauss,log_price,1,1,5,0.5,149,0.17126436781609194
digauss,log_price,1,1,4,0.001,2,0.0022988505747126436
digauss,log_price,1,1,4,0.005,12,0.013793103448275862
digauss,log_price,1,1,4,0.01,24,0.027586206896551724
digauss,log_price,1,1,4,0.02,33,0.03793103448275862
digauss,log_price,1,1,4,0.05,59,0.067816091954023
digauss,log_price,1,1,4,0.1,78,0.0896551724137931
digauss,log_price,1,1,4,0.2,100,0.11494252873563218
digauss,log_price,1,1,4,0.3,111,0.12758620689655173
digauss,log_price,1,1,4,0.5,120,0.13793103448275862
digauss,log_price,1,2,none,0.001,5,0.005747126436781609
digauss,log_price,1,2,none,0.005,9,0.010344827586206896
digauss,log_price,1,2,none,0.01,18,0.020689655172413793
digauss,log_price,1,2,none,0.02,28,0.03218390804597701
digauss,log_price,1,2,none,0.05,68,0.07816091954022988
digauss,log_price,1,2,none,0.1,111,0.12758620689655173
digauss,log_price,1,2,none,0.2,213,0.24482758620689654
digauss,log_price,1,2,none,0.3,296,0.34022988505747126
digauss,log_price,1,2,none,0.5,479,0.5505747126436782
digauss,log_price,1,2,5,0.001,5,0.005747126436781609
digauss,log_price,1,2,5,0.005,9,0.010344827586206896
digauss,log_price,1,2,5,0.01,17,0.01954022988505747
digauss,log_price,1,2,5,0.02,26,0.029885057471264367
digauss,log_price,1,2,5,0.05,59,0.067816091954023
digauss,log_price,1,2,5,0.1,88,0.10114942528735632
digauss,log_price,1,2,5,0.2,126,0.14482758620689656
digauss,log_price,1,2,5,0.3,135,0.15517241379310345
digauss,log_price,1,2,5,0.5,150,0.1724137931034483
digauss,log_price,1,2,4,0.001,4,0.004597701149425287
digauss,log_price,1,2,4,0.005,8,0.009195402298850575
digauss,log_price,1,2,4,0.01,16,0.01839080459770115
digauss,log_price,1,2,4,0.02,25,0.028735632183908046
digauss,log_price,1,2,4,0.05,56,0.06436781609195402
digauss,log_price,1,2,4,0.1,76,0.08735632183908046
digauss,log_price,1,2,4,0.2,106,0.12183908045977011
digauss,log_price,1,2,4,0.3,111,0.12758620689655173
digauss,log_price,1,2,4,0.5,120,0.13793103448275862
digauss,log_price,1,3,none,0.001,7,0.008045977011494253
digauss,log_price,1,3,none,0.005,15,0.017241379310344827
digauss,log_price,1,3,none,0.01,21,0.02413793103448276
digauss,log_price,1,3,none,0.02,36,0.041379310344827586
digauss,log_price,1,3,none,0.05,71,0.08160919540229886
digauss,log_price,1,3,none,0.1,140,0.16091954022988506
digauss,log_price,1,3,none,0.2,254,0.29195402298850576
digauss,log_price,1,3,none,0.3,369,0.4241379310344828
digauss,log_price,1,3,none,0.5,547,0.628735632183908
digauss,log_price,1,3,5,0.001,7,0.008045977011494253
digauss,log_price,1,3,5,0.005,14,0.016091954022988506
digauss,log_price,1,3,5,0.01,19,0.021839080459770115
digauss,log_price,1,3,5,0.02,33,0.03793103448275862
digauss,log_price,1,3,5,0.05,61,0.07011494252873564
digauss,log_price,1,3,5,0.1,99,0.11379310344827587
digauss,log_price,1,3,5,0.2,136,0.15632183908045977
digauss,log_price,1,3,5,0.3,149,0.17126436781609194
digauss,log_price,1,3,5,0.5,150,0.1724137931034483
digauss,log_price,1,3,4,0.001,7,0.008045977011494253
digauss,log_price,1,3,4,0.005,13,0.014942528735632184
digauss,log_price,1,3,4,0.01,18,0.020689655172413793
digauss,log_price,1,3,4,0.02,31,0.035632183908045977
digauss,log_price,1,3,4,0.05,56,0.06436781609195402
digauss,log_price,1,3,4,0.1,87,0.1
digauss,log_price,1,3,4,0.2,113,0.12988505747126436
digauss,log_price,1,3,4,0.3,120,0.13793103448275862
digauss,log_price,1,3,4,0.5,120,0.13793103448275862
digauss,log_price,2,1,none,0.001,5,0.005747126436781609
digauss,log_price,2,1,none,0.005,18,0.020689655172413793
digauss,log_price,2,1,none,0.01,33,0.03793103448275862
digauss,log_price,2,1,none,0.02,52,0.059770114942528735
digauss,log_price,2,1,none,0.05,80,0.09195402298850575
digauss,log_price,2,1,none,0.1,137,0.15747126436781608
digauss,log_price,2,1,none,0.2,224,0.2574712643678161
digauss,log_price,2,1,none,0.3,331,0.38045977011494253
digauss,log_price,2,1,none,0.5,492,0.5655172413793104
digauss,log_price,2,1,5,0.001,5,0.005747126436781609
digauss,log_price,2,1,5,0.005,15,0.017241379310344827
digauss,log_price,2,1,5,0.01,24,0.027586206896551724
digauss,log_price,2,1,5,0.02,28,0.03218390804597701
digauss,log_price,2,1,5,0.05,44,0.05057471264367816
digauss,log_price,2,1,5,0.1,82,0.09425287356321839
digauss,log_price,2,1,5,0.2,115,0.13218390804597702
digauss,log_price,2,1,5,0.3,131,0.15057471264367817
digauss,log_price,2,1,5,0.5,149,0.17126436781609194
digauss,log_price,2,1,4,0.001,4,0.004597701149425287
digauss,log_price,2,1,4,0.005,13,0.014942528735632184
digauss,log_price,2,1,4,0.01,21,0.02413793103448276
digauss,log_price,2,1,4,0.02,24,0.027586206896551724
digauss,log_price,2,1,4,0.05,40,0.04597701149425287
digauss,log_price,2,1,4,0.1,72,0.08275862068965517
digauss,log_price,2,1,4,0.2,94,0.10804597701149425
digauss,log_price,2,1,4,0.3,108,0.12413793103448276
digauss,log_price,2,1,4,0.5,120,0.13793103448275862
digauss,log_price,2,2,none,0.001,43,0.04942528735632184
digauss,log_price,2,2,none,0.005,78,0.0896551724137931
digauss,log_price,2,2,none,0.01,102,0.11724137931034483
digauss,log_price,2,2,none,0.02,142,0.1632183908045977
digauss,log_price,2,2,none,0.05,217,0.24942528735632183
digauss,log_price,2,2,none,0.1,312,0.3586206896551724
digauss,log_price,2,2,none,0.2,439,0.5045977011494253
digauss,log_price,2,2,none,0.3,531,0.6103448275862069
digauss,log_price,2,2,none,0.5,683,0.7850574712643679
digauss,log_price,2,2,5,0.001,39,0.04482758620689655
digauss,log_price,2,2,5,0.005,66,0.07586206896551724
digauss,log_price,2,2,5,0.01,86,0.09885057471264368
digauss,log_price,2,2,5,0.02,110,0.12643678160919541
digauss,log_price,2,2,5,0.05,134,0.15402298850574714
digauss,log_price,2,2,5,0.1,147,0.16896551724137931
digauss,log_price,2,2,5,0.2,150,0.1724137931034483
digauss,log_price,2,2,5,0.3,150,0.1724137931034483
digauss,log_price,2,2,5,0.5,150,0.1724137931034483
digauss,log_price,2,2,4,0.001,36,0.041379310344827586
digauss,log_price,2,2,4,0.005,62,0.07126436781609195
digauss,log_price,2,2,4,0.01,76,0.08735632183908046
digauss,log_price,2,2,4,0.02,96,0.1103448275862069
digauss,log_price,2,2,4,0.05,113,0.12988505747126436
digauss,log_price,2,2,4,0.1,119,0.1367816091954023
digauss,log_price,2,2,4,0.2,120,0.13793103448275862
digauss,log_price,2,2,4,0.3,120,0.13793103448275862
digauss,log_price,2,2,4,0.5,120,0.13793103448275862
digauss,log_price,2,3,none,0.001,21,0.02413793103448276
digauss,log_price,2,3,none,0.005,42,0.04827586206896552
digauss,log_price,2,3,none,0.01,63,0.07241379310344828
digauss,log_price,2,3,none,0.02,97,0.11149425287356322
digauss,log_price,2,3,none,0.05,183,0.2103448275862069
digauss,log_price,2,3,none,0.1,264,0.30344827586206896
digauss,log_price,2,3,none,0.2,386,0.4436781609195402
digauss,log_price,2,3,none,0.3,469,0.539080459770115
digauss,log_price,2,3,none,0.5,620,0.7126436781609196
digauss,log_price,2,3,5,0.001,21,0.02413793103448276
digauss,log_price,2,3,5,0.005,40,0.04597701149425287
digauss,log_price,2,3,5,0.01,54,0.06206896551724138
digauss,log_price,2,3,5,0.02,75,0.08620689655172414
digauss,log_price,2,3,5,0.05,118,0.135632183908046
digauss,log_price,2,3,5,0.1,134,0.15402298850574714
digauss,log_price,2,3,5,0.2,144,0.16551724137931034
digauss,log_price,2,3,5,0.3,149,0.17126436781609194
digauss,log_price,2,3,5,0.5,150,0.1724137931034483
digauss,log_price,2,3,4,0.001,21,0.02413793103448276
digauss,log_price,2,3,4,0.005,37,0.04252873563218391
digauss,log_price,2,3,4,0.01,50,0.05747126436781609
digauss,log_price,2,3,4,0.02,68,0.07816091954022988
digauss,log_price,2,3,4,0.05,100,0.11494252873563218
digauss,log_price,2,3,4,0.1,111,0.12758620689655173
digauss,log_price,2,3,4,0.2,116,0.13333333333333333
digauss,log_price,2,3,4,0.3,120,0.13793103448275862
digauss,log_price,2,3,4,0.5,120,0.13793103448275862
digauss,log_price,3,1,none,0.001,22,0.02528735632183908
digauss,log_price,3,1,none,0.005,49,0.05632183908045977
digauss,log_price,3,1,none,0.01,67,0.07701149425287357
digauss,log_price,3,1,none,0.02,92,0.10574712643678161
digauss,log_price,3,1,none,0.05,162,0.18620689655172415
digauss,log_price,3,1,none,0.1,241,0.2770114942528736
digauss,log_price,3,1,none,0.2,370,0.42528735632183906
digauss,log_price,3,1,none,0.3,449,0.5160919540229885
digauss,log_price,3,1,none,0.5,583,0.6701149425287356
digauss,log_price,3,1,5,0.001,21,0.02413793103448276
digauss,log_price,3,1,5,0.005,43,0.04942528735632184
digauss,log_price,3,1,5,0.01,56,0.06436781609195402
digauss,log_price,3,1,5,0.02,72,0.08275862068965517
digauss,log_price,3,1,5,0.05,105,0.1206896551724138
digauss,log_price,3,1,5,0.1,126,0.14482758620689656
digauss,log_price,3,1,5,0.2,147,0.16896551724137931
digauss,log_price,3,1,5,0.3,148,0.17011494252873563
digauss,log_price,3,1,5,0.5,150,0.1724137931034483
digauss,log_price,3,1,4,0.001,20,0.022988505747126436
digauss,log_price,3,1,4,0.005,41,0.047126436781609195
digauss,log_price,3,1,4,0.01,53,0.06091954022988506
digauss,log_price,3,1,4,0.02,66,0.07586206896551724
digauss,log_price,3,1,4,0.05,90,0.10344827586206896
digauss,log_price,3,1,4,0.1,105,0.1206896551724138
digauss,log_price,3,1,4,0.2,119,0.1367816091954023
digauss,log_price,3,1,4,0.3,119,0.1367816091954023
digauss,log_price,3,1,4,0.5,120,0.13793103448275862
digauss,log_price,3,2,none,0.001,11,0.01264367816091954
digauss,log_price,3,2,none,0.005,29,0.03333333333333333
digauss,log_price,3,2,none,0.01,52,0.059770114942528735
digauss,log_price,3,2,none,0.02,76,0.08735632183908046
digauss,log_price,3,2,none,0.05,129,0.1482758620689655
digauss,log_price,3,2,none,0.1,200,0.22988505747126436
digauss,log_price,3,2,none,0.2,323,0.37126436781609196
digauss,log_price,3,2,none,0.3,409,0.47011494252873565
digauss,log_price,3,2,none,0.5,567,0.6517241379310345
digauss,log_price,3,2,5,0.001,11,0.01264367816091954
digauss,log_price,3,2,5,0.005,28,0.03218390804597701
digauss,log_price,3,2,5,0.01,45,0.05172413793103448
digauss,log_price,3,2,5,0.02,65,0.07471264367816093
digauss,log_price,3,2,5,0.05,101,0.11609195402298851
digauss,log_price,3,2,5,0.1,134,0.15402298850574714
digauss,log_price,3,2,5,0.2,150,0.1724137931034483
digauss,log_price,3,2,5,0.3,150,0.1724137931034483
digauss,log_price,3,2,5,0.5,150,0.1724137931034483
digauss,log_price,3,2,4,0.001,11,0.01264367816091954
digauss,log_price,3,2,4,0.005,26,0.029885057471264367
digauss,log_price,3,2,4,0.01,42,0.04827586206896552
digauss,log_price,3,2,4,0.02,61,0.07011494252873564
digauss,log_price,3,2,4,0.05,91,0.10459770114942529
digauss,log_price,3,2,4,0.1,114,0.1310344827586207
digauss,log_price,3,2,4,0.2,120,0.13793103448275862
digauss,log_price,3,2,4,0.3,120,0.13793103448275862
digauss,log_price,3,2,4,0.5,120,0.13793103448275862
digauss,log_price,3,3,none,0.001,10,0.011494252873563218
digauss,log_price,3,3,none,0.005,26,0.029885057471264367
digauss,log_price,3,3,none,0.01,37,0.04252873563218391
digauss,log_price,3,3,none,0.02,60,0.06896551724137931
digauss,log_price,3,3,none,0.05,112,0.12873563218390804
digauss,log_price,3,3,none,0.1,192,0.2206896551724138
digauss,log_price,3,3,none,0.2,314,0.36091954022988504
digauss,log_price,3,3,none,0.3,442,0.5080459770114942
digauss,log_price,3,3,none,0.5,594,0.6827586206896552
digauss,log_price,3,3,5,0.001,10,0.011494252873563218
digauss,log_price,3,3,5,0.005,26,0.029885057471264367
digauss,log_price,3,3,5,0.01,34,0.03908045977011494
digauss,log_price,3,3,5,0.02,55,0.06321839080459771
digauss,log_price,3,3,5,0.05,91,0.10459770114942529
digauss,log_price,3,3,5,0.1,130,0.14942528735632185
digauss,log_price,3,3,5,0.2,144,0.16551724137931034
digauss,log_price,3,3,5,0.3,149,0.17126436781609194
digauss,log_price,3,3,5,0.5,150,0.1724137931034483
digauss,log_price,3,3,4,0.001,10,0.011494252873563218
digauss,log_price,3,3,4,0.005,25,0.028735632183908046
digauss,log_price,3,3,4,0.01,32,0.0367816091954023
digauss,log_price,3,3,4,0.02,51,0.05862068965517241
digauss,log_price,3,3,4,0.05,80,0.09195402298850575
digauss,log_price,3,3,4,0.1,107,0.12298850574712644
digauss,log_price,3,3,4,0.2,117,0.13448275862068965
digauss,log_price,3,3,4,0.3,120,0.13793103448275862
digauss,log_price,3,3,4,0.5,120,0.13793103448275862
te,log_price,0,1,none,0.001,0,0.0
te,log_price,0,1,none,0.005,12,0.013793103448275862
te,log_price,0,1,none,0.01,20,0.022988505747126436
te,log_price,0,1,none,0.02,43,0.04942528735632184
te,log_price,0,1,none,0.05,114,0.1310344827586207
te,log_price,0,1,none,0.1,212,0.24367816091954023
te,log_price,0,1,none,0.2,365,0.41954022988505746
te,log_price,0,1,none,0.3,477,0.5482758620689655
te,log_price,0,1,none,0.5,663,0.7620689655172413
te,log_price,0,1,5,0.001,0,0.0
te,log_price,0,1,5,0.005,6,0.006896551724137931
te,log_price,0,1,5,0.01,9,0.010344827586206896
te,log_price,0,1,5,0.02,24,0.027586206896551724
te,log_price,0,1,5,0.05,76,0.08735632183908046
te,log_price,0,1,5,0.1,112,0.12873563218390804
te,log_price,0,1,5,0.2,138,0.15862068965517243
te,log_price,0,1,5,0.3,148,0.17011494252873563
te,log_price,0,1,5,0.5,150,0.1724137931034483
te,log_price,0,1,4,0.001,0,0.0
te,log_price,0,1,4,0.005,5,0.005747126436781609
te,log_price,0,1,4,0.01,8,0.009195402298850575
te,log_price,0,1,4,0.02,23,0.026436781609195402
te,log_price,0,1,4,0.05,69,0.07931034482758621
te,log_price,0,1,4,0.1,94,0.10804597701149425
te,log_price,0,1,4,0.2,115,0.13218390804597702
te,log_price,0,1,4,0.3,120,0.13793103448275862
te,log_price,0,1,4,0.5,120,0.13793103448275862
te,log_price,0,2,none,0.001,0,0.0
te,log_price,0,2,none,0.005,0,0.0
te,log_price,0,2,none,0.01,76,0.08735632183908046
te,log_price,0,2,none,0.02,93,0.10689655172413794
te,log_price,0,2,none,0.05,188,0.2160919540229885
te,log_price,0,2,none,0.1,320,0.367816091954023
te,log_price,0,2,none,0.2,496,0.5701149425287356
te,log_price,0,2,none,0.3,597,0.6862068965517242
te,log_price,0,2,none,0.5,751,0.8632183908045977
te,log_price,0,2,5,0.001,0,0.0
te,log_price,0,2,5,0.005,0,0.0
te,log_price,0,2,5,0.01,62,0.07126436781609195
te,log_price,0,2,5,0.02,76,0.08735632183908046
te,log_price,0,2,5,0.05,116,0.13333333333333333
te,log_price,0,2,5,0.1,139,0.15977011494252874
te,log_price,0,2,5,0.2,150,0.1724137931034483
te,log_price,0,2,5,0.3,150,0.1724137931034483
te,log_price,0,2,5,0.5,150,0.1724137931034483
te,log_price,0,2,4,0.001,0,0.0
te,log_price,0,2,4,0.005,0,0.0
te,log_price,0,2,4,0.01,59,0.067816091954023
te,log_price,0,2,4,0.02,69,0.07931034482758621
te,log_price,0,2,4,0.05,99,0.11379310344827587
te,log_price,0,2,4,0.1,113,0.12988505747126436
te,log_price,0,2,4,0.2,120,0.13793103448275862
te,log_price,0,2,4,0.3,120,0.13793103448275862
te,log_price,0,2,4,0.5,120,0.13793103448275862
te,log_price,0,3,none,0.001,0,0.0
te,log_price,0,3,none,0.005,0,0.0
te,log_price,0,3,none,0.01,34,0.03908045977011494
te,log_price,0,3,none,0.02,88,0.10114942528735632
te,log_price,0,3,none,0.05,237,0.27241379310344827
te,log_price,0,3,none,0.1,396,0.45517241379310347
te,log_price,0,3,none,0.2,555,0.6379310344827587
te,log_price,0,3,none,0.3,688,0.7908045977011494
te,log_price,0,3,none,0.5,789,0.906896551724138
te,log_price,0,3,5,0.001,0,0.0
te,log_price,0,3,5,0.005,0,0.0
te,log_price,0,3,5,0.01,34,0.03908045977011494
te,log_price,0,3,5,0.02,71,0.08160919540229886
te,log_price,0,3,5,0.05,122,0.14022988505747128
te,log_price,0,3,5,0.1,139,0.15977011494252874
te,log_price,0,3,5,0.2,150,0.1724137931034483
te,log_price,0,3,5,0.3,150,0.1724137931034483
te,log_price,0,3,5,0.5,150,0.1724137931034483
te,log_price,0,3,4,0.001,0,0.0
te,log_price,0,3,4,0.005,0,0.0
te,log_price,0,3,4,0.01,34,0.03908045977011494
te,log_price,0,3,4,0.02,66,0.07586206896551724
te,log_price,0,3,4,0.05,100,0.11494252873563218
te,log_price,0,3,4,0.1,113,0.12988505747126436
te,log_price,0,3,4,0.2,120,0.13793103448275862
te,log_price,0,3,4,0.3,120,0.13793103448275862
te,log_price,0,3,4,0.5,120,0.13793103448275862
te,log_price,1,1,none,0.001,0,0.0
te,log_price,1,1,none,0.005,25,0.028735632183908046
te,log_price,1,1,none,0.01,27,0.03103448275862069
te,log_price,1,1,none,0.02,95,0.10919540229885058
te,log_price,1,1,none,0.05,194,0.22298850574712645
te,log_price,1,1,none,0.1,298,0.3425287356321839
te,log_price,1,1,none,0.2,429,0.49310344827586206
te,log_price,1,1,none,0.3,552,0.6344827586206897
te,log_price,1,1,none,0.5,695,0.7988505747126436
te,log_price,1,1,5,0.001,0,0.0
te,log_price,1,1,5,0.005,25,0.028735632183908046
te,log_price,1,1,5,0.01,27,0.03103448275862069
te,log_price,1,1,5,0.02,83,0.09540229885057472
te,log_price,1,1,5,0.05,126,0.14482758620689656
te,log_price,1,1,5,0.1,143,0.16436781609195403
te,log_price,1,1,5,0.2,148,0.17011494252873563
te,log_price,1,1,5,0.3,150,0.1724137931034483
te,log_price,1,1,5,0.5,150,0.1724137931034483
te,log_price,1,1,4,0.001,0,0.0
te,log_price,1,1,4,0.005,25,0.028735632183908046
te,log_price,1,1,4,0.01,27,0.03103448275862069
te,log_price,1,1,4,0.02,76,0.08735632183908046
te,log_price,1,1,4,0.05,108,0.12413793103448276
te,log_price,1,1,4,0.1,117,0.13448275862068965
te,log_price,1,1,4,0.2,120,0.13793103448275862
te,log_price,1,1,4,0.3,120,0.13793103448275862
te,log_price,1,1,4,0.5,120,0.13793103448275862
te,log_price,1,2,none,0.001,0,0.0
te,log_price,1,2,none,0.005,15,0.017241379310344827
te,log_price,1,2,none,0.01,33,0.03793103448275862
te,log_price,1,2,none,0.02,90,0.10344827586206896
te,log_price,1,2,none,0.05,199,0.22873563218390805
te,log_price,1,2,none,0.1,304,0.34942528735632183
te,log_price,1,2,none,0.2,412,0.4735632183908046
te,log_price,1,2,none,0.3,530,0.6091954022988506
te,log_price,1,2,none,0.5,668,0.767816091954023
te,log_price,1,2,5,0.001,0,0.0
te,log_price,1,2,5,0.005,15,0.017241379310344827
te,log_price,1,2,5,0.01,33,0.03793103448275862
te,log_price,1,2,5,0.02,70,0.08045977011494253
te,log_price,1,2,5,0.05,117,0.13448275862068965
te,log_price,1,2,5,0.1,132,0.15172413793103448
te,log_price,1,2,5,0.2,144,0.16551724137931034
te,log_price,1,2,5,0.3,148,0.17011494252873563
te,log_price,1,2,5,0.5,150,0.1724137931034483
te,log_price,1,2,4,0.001,0,0.0
te,log_price,1,2,4,0.005,15,0.017241379310344827
te,log_price,1,2,4,0.01,31,0.035632183908045977
te,log_price,1,2,4,0.02,63,0.07241379310344828
te,log_price,1,2,4,0.05,99,0.11379310344827587
te,log_price,1,2,4,0.1,109,0.12528735632183907
te,log_price,1,2,4,0.2,117,0.13448275862068965
te,log_price,1,2,4,0.3,119,0.1367816091954023
te,log_price,1,2,4,0.5,120,0.13793103448275862
te,log_price,1,3,none,0.001,0,0.0
te,log_price,1,3,none,0.005,45,0.05172413793103448
te,log_price,1,3,none,0.01,148,0.17011494252873563
te,log_price,1,3,none,0.02,159,0.18275862068965518
te,log_price,1,3,none,0.05,263,0.3022988505747126
te,log_price,1,3,none,0.1,416,0.4781609195402299
te,log_price,1,3,none,0.2,583,0.6701149425287356
te,log_price,1,3,none,0.3,712,0.8183908045977012
te,log_price,1,3,none,0.5,790,0.9080459770114943
te,log_price,1,3,5,0.001,0,0.0
te,log_price,1,3,5,0.005,39,0.04482758620689655
te,log_price,1,3,5,0.01,81,0.09310344827586207
te,log_price,1,3,5,0.02,88,0.10114942528735632
te,log_price,1,3,5,0.05,121,0.13908045977011493
te,log_price,1,3,5,0.1,150,0.1724137931034483
te,log_price,1,3,5,0.2,150,0.1724137931034483
te,log_price,1,3,5,0.3,150,0.1724137931034483
te,log_price,1,3,5,0.5,150,0.1724137931034483
te,log_price,1,3,4,0.001,0,0.0
te,log_price,1,3,4,0.005,36,0.041379310344827586
te,log_price,1,3,4,0.01,69,0.07931034482758621
te,log_price,1,3,4,0.02,75,0.08620689655172414
te,log_price,1,3,4,0.05,104,0.11954022988505747
te,log_price,1,3,4,0.1,120,0.13793103448275862
te,log_price,1,3,4,0.2,120,0.13793103448275862
te,log_price,1,3,4,0.3,120,0.13793103448275862
te,log_price,1,3,4,0.5,120,0.13793103448275862
te,log_price,2,1,none,0.001,0,0.0
te,log_price,2,1,none,0.005,17,0.01954022988505747
te,log_price,2,1,none,0.01,37,0.04252873563218391
te,log_price,2,1,none,0.02,71,0.08160919540229886
te,log_price,2,1,none,0.05,135,0.15517241379310345
te,log_price,2,1,none,0.1,251,0.2885057471264368
te,log_price,2,1,none,0.2,379,0.435632183908046
te,log_price,2,1,none,0.3,471,0.5413793103448276
te,log_price,2,1,none,0.5,639,0.7344827586206897
te,log_price,2,1,5,0.001,0,0.0
te,log_price,2,1,5,0.005,17,0.01954022988505747
te,log_price,2,1,5,0.01,36,0.041379310344827586
te,log_price,2,1,5,0.02,55,0.06321839080459771
te,log_price,2,1,5,0.05,89,0.10229885057471265
te,log_price,2,1,5,0.1,113,0.12988505747126436
te,log_price,2,1,5,0.2,140,0.16091954022988506
te,log_price,2,1,5,0.3,148,0.17011494252873563
te,log_price,2,1,5,0.5,150,0.1724137931034483
te,log_price,2,1,4,0.001,0,0.0
te,log_price,2,1,4,0.005,16,0.01839080459770115
te,log_price,2,1,4,0.01,34,0.03908045977011494
te,log_price,2,1,4,0.02,50,0.05747126436781609
te,log_price,2,1,4,0.05,76,0.08735632183908046
te,log_price,2,1,4,0.1,93,0.10689655172413794
te,log_price,2,1,4,0.2,115,0.13218390804597702
te,log_price,2,1,4,0.3,120,0.13793103448275862
te,log_price,2,1,4,0.5,120,0.13793103448275862
te,log_price,2,2,none,0.001,0,0.0
te,log_price,2,2,none,0.005,50,0.05747126436781609
te,log_price,2,2,none,0.01,86,0.09885057471264368
te,log_price,2,2,none,0.02,155,0.1781609195402299
te,log_price,2,2,none,0.05,273,0.3137931034482759
te,log_price,2,2,none,0.1,363,0.41724137931034483
te,log_price,2,2,none,0.2,526,0.6045977011494252
te,log_price,2,2,none,0.3,637,0.732183908045977
te,log_price,2,2,none,0.5,768,0.8827586206896552
te,log_price,2,2,5,0.001,0,0.0
te,log_price,2,2,5,0.005,46,0.052873563218390804
te,log_price,2,2,5,0.01,67,0.07701149425287357
te,log_price,2,2,5,0.02,100,0.11494252873563218
te,log_price,2,2,5,0.05,134,0.15402298850574714
te,log_price,2,2,5,0.1,141,0.16206896551724137
te,log_price,2,2,5,0.2,150,0.1724137931034483
te,log_price,2,2,5,0.3,150,0.1724137931034483
te,log_price,2,2,5,0.5,150,0.1724137931034483
te,log_price,2,2,4,0.001,0,0.0
te,log_price,2,2,4,0.005,43,0.04942528735632184
te,log_price,2,2,4,0.01,60,0.06896551724137931
te,log_price,2,2,4,0.02,88,0.10114942528735632
te,log_price,2,2,4,0.05,110,0.12643678160919541
te,log_price,2,2,4,0.1,114,0.1310344827586207
te,log_price,2,2,4,0.2,120,0.13793103448275862
te,log_price,2,2,4,0.3,120,0.13793103448275862
te,log_price,2,2,4,0.5,120,0.13793103448275862
te,log_price,2,3,none,0.001,0,0.0
te,log_price,2,3,none,0.005,76,0.08735632183908046
te,log_price,2,3,none,0.01,117,0.13448275862068965
te,log_price,2,3,none,0.02,238,0.2735632183908046
te,log_price,2,3,none,0.05,395,0.4540229885057471
te,log_price,2,3,none,0.1,543,0.6241379310344828
te,log_price,2,3,none,0.2,714,0.8206896551724138
te,log_price,2,3,none,0.3,778,0.8942528735632184
te,log_price,2,3,none,0.5,818,0.9402298850574713
te,log_price,2,3,5,0.001,0,0.0
te,log_price,2,3,5,0.005,67,0.07701149425287357
te,log_price,2,3,5,0.01,85,0.09770114942528736
te,log_price,2,3,5,0.02,126,0.14482758620689656
te,log_price,2,3,5,0.05,147,0.16896551724137931
te,log_price,2,3,5,0.1,150,0.1724137931034483
te,log_price,2,3,5,0.2,150,0.1724137931034483
te,log_price,2,3,5,0.3,150,0.1724137931034483
te,log_price,2,3,5,0.5,150,0.1724137931034483
te,log_price,2,3,4,0.001,0,0.0
te,log_price,2,3,4,0.005,61,0.07011494252873564
te,log_price,2,3,4,0.01,75,0.08620689655172414
te,log_price,2,3,4,0.02,104,0.11954022988505747
te,log_price,2,3,4,0.05,118,0.135632183908046
te,log_price,2,3,4,0.1,120,0.13793103448275862
te,log_price,2,3,4,0.2,120,0.13793103448275862
te,log_price,2,3,4,0.3,120,0.13793103448275862
te,log_price,2,3,4,0.5,120,0.13793103448275862
te,log_price,3,1,none,0.001,0,0.0
te,log_price,3,1,none,0.005,16,0.01839080459770115
te,log_price,3,1,none,0.01,53,0.06091954022988506
te,log_price,3,1,none,0.02,70,0.08045977011494253
te,log_price,3,1,none,0.05,170,0.19540229885057472
te,log_price,3,1,none,0.1,277,0.31839080459770114
te,log_price,3,1,none,0.2,429,0.49310344827586206
te,log_price,3,1,none,0.3,510,0.5862068965517241
te,log_price,3,1,none,0.5,663,0.7620689655172413
te,log_price,3,1,5,0.001,0,0.0
te,log_price,3,1,5,0.005,16,0.01839080459770115
te,log_price,3,1,5,0.01,49,0.05632183908045977
te,log_price,3,1,5,0.02,62,0.07126436781609195
te,log_price,3,1,5,0.05,105,0.1206896551724138
te,log_price,3,1,5,0.1,123,0.1413793103448276
te,log_price,3,1,5,0.2,133,0.1528735632183908
te,log_price,3,1,5,0.3,136,0.15632183908045977
te,log_price,3,1,5,0.5,145,0.16666666666666666
te,log_price,3,1,4,0.001,0,0.0
te,log_price,3,1,4,0.005,16,0.01839080459770115
te,log_price,3,1,4,0.01,47,0.054022988505747126
te,log_price,3,1,4,0.02,57,0.06551724137931035
te,log_price,3,1,4,0.05,88,0.10114942528735632
te,log_price,3,1,4,0.1,99,0.11379310344827587
te,log_price,3,1,4,0.2,107,0.12298850574712644
te,log_price,3,1,4,0.3,110,0.12643678160919541
te,log_price,3,1,4,0.5,116,0.13333333333333333
te,log_price,3,2,none,0.001,0,0.0
te,log_price,3,2,none,0.005,7,0.008045977011494253
te,log_price,3,2,none,0.01,100,0.11494252873563218
te,log_price,3,2,none,0.02,162,0.18620689655172415
te,log_price,3,2,none,0.05,233,0.267816091954023
te,log_price,3,2,none,0.1,337,0.3873563218390805
te,log_price,3,2,none,0.2,515,0.5919540229885057
te,log_price,3,2,none,0.3,600,0.6896551724137931
te,log_price,3,2,none,0.5,741,0.8517241379310345
te,log_price,3,2,5,0.001,0,0.0
te,log_price,3,2,5,0.005,7,0.008045977011494253
te,log_price,3,2,5,0.01,78,0.0896551724137931
te,log_price,3,2,5,0.02,102,0.11724137931034483
te,log_price,3,2,5,0.05,123,0.1413793103448276
te,log_price,3,2,5,0.1,139,0.15977011494252874
te,log_price,3,2,5,0.2,147,0.16896551724137931
te,log_price,3,2,5,0.3,150,0.1724137931034483
te,log_price,3,2,5,0.5,150,0.1724137931034483
te,log_price,3,2,4,0.001,0,0.0
te,log_price,3,2,4,0.005,7,0.008045977011494253
te,log_price,3,2,4,0.01,68,0.07816091954022988
te,log_price,3,2,4,0.02,86,0.09885057471264368
te,log_price,3,2,4,0.05,103,0.11839080459770115
te,log_price,3,2,4,0.1,115,0.13218390804597702
te,log_price,3,2,4,0.2,118,0.135632183908046
te,log_price,3,2,4,0.3,120,0.13793103448275862
te,log_price,3,2,4,0.5,120,0.13793103448275862
te,log_price,3,3,none,0.001,0,0.0
te,log_price,3,3,none,0.005,9,0.010344827586206896
te,log_price,3,3,none,0.01,31,0.035632183908045977
te,log_price,3,3,none,0.02,78,0.0896551724137931
te,log_price,3,3,none,0.05,209,0.24022988505747125
te,log_price,3,3,none,0.1,347,0.3988505747126437
te,log_price,3,3,none,0.2,564,0.6482758620689655
te,log_price,3,3,none,0.3,645,0.7413793103448276
te,log_price,3,3,none,0.5,744,0.8551724137931035
te,log_price,3,3,5,0.001,0,0.0
te,log_price,3,3,5,0.005,9,0.010344827586206896
te,log_price,3,3,5,0.01,28,0.03218390804597701
te,log_price,3,3,5,0.02,62,0.07126436781609195
te,log_price,3,3,5,0.05,124,0.1425287356321839
te,log_price,3,3,5,0.1,143,0.16436781609195403
te,log_price,3,3,5,0.2,150,0.1724137931034483
te,log_price,3,3,5,0.3,150,0.1724137931034483
te,log_price,3,3,5,0.5,150,0.1724137931034483
te,log_price,3,3,4,0.001,0,0.0
te,log_price,3,3,4,0.005,9,0.010344827586206896
te,log_price,3,3,4,0.01,26,0.029885057471264367
te,log_price,3,3,4,0.02,56,0.06436781609195402
te,log_price,3,3,4,0.05,103,0.11839080459770115
te,log_price,3,3,4,0.1,117,0.13448275862068965
te,log_price,3,3,4,0.2,120,0.13793103448275862
te,log_price,3,3,4,0.3,120,0.13793103448275862
te,log_price,3,3,4,0.5,120,0.13793103448275862
granger,log_return,0,1,none,0.001,0,0.0
granger,log_return,0,1,none,0.005,5,0.005747126436781609
granger,log_return,0,1,none,0.01,9,0.010344827586206896
granger,log_return,0,1,none,0.02,19,0.021839080459770115
granger,log_return,0,1,none,0.05,39,0.04482758620689655
granger,log_return,0,1,none,0.1,75,0.08620689655172414
granger,log_return,0,1,none,0.2,164,0.18850574712643678
granger,log_return,0,1,none,0.3,251,0.2885057471264368
granger,log_return,0,1,none,0.5,436,0.5011494252873563
granger,log_return,0,1,5,0.001,0,0.0
granger,log_return,0,1,5,0.005,5,0.005747126436781609
granger,log_return,0,1,5,0.01,9,0.010344827586206896
granger,log_return,0,1,5,0.02,19,0.021839080459770115
granger,log_return,0,1,5,0.05,39,0.04482758620689655
granger,log_return,0,1,5,0.1,71,0.08160919540229886
granger,log_return,0,1,5,0.2,123,0.1413793103448276
granger,log_return,0,1,5,0.3,141,0.16206896551724137
granger,log_return,0,1,5,0.5,150,0.1724137931034483
granger,log_return,0,1,4,0.001,0,0.0
granger,log_return,0,1,4,0.005,5,0.005747126436781609
granger,log_return,0,1,4,0.01,9,0.010344827586206896
granger,log_return,0,1,4,0.02,19,0.021839080459770115
granger,log_return,0,1,4,0.05,39,0.04482758620689655
granger,log_return,0,1,4,0.1,69,0.07931034482758621
granger,log_return,0,1,4,0.2,104,0.11954022988505747
granger,log_return,0,1,4,0.3,114,0.1310344827586207
granger,log_return,0,1,4,0.5,120,0.13793103448275862
granger,log_return,0,2,none,0.001,2,0.0022988505747126436
granger,log_return,0,2,none,0.005,6,0.006896551724137931
granger,log_return,0,2,none,0.01,14,0.016091954022988506
granger,log_return,0,2,none,0.02,21,0.02413793103448276
granger,log_return,0,2,none,0.05,65,0.07471264367816093
granger,log_return,0,2,none,0.1,112,0.12873563218390804
granger,log_return,0,2,none,0.2,212,0.24367816091954023
granger,log_return,0,2,none,0.3,308,0.35402298850574715
granger,log_return,0,2,none,0.5,468,0.5379310344827586
granger,log_return,0,2,5,0.001,2,0.0022988505747126436
granger,log_return,0,2,5,0.005,6,0.006896551724137931
granger,log_return,0,2,5,0.01,14,0.016091954022988506
granger,log_return,0,2,5,0.02,21,0.02413793103448276
granger,log_return,0,2,5,0.05,59,0.067816091954023
granger,log_return,0,2,5,0.1,92,0.10574712643678161
granger,log_return,0,2,5,0.2,136,0.15632183908045977
granger,log_return,0,2,5,0.3,147,0.16896551724137931
granger,log_return,0,2,5,0.5,150,0.1724137931034483
granger,log_return,0,2,4,0.001,2,0.0022988505747126436
granger,log_return,0,2,4,0.005,6,0.006896551724137931
granger,log_return,0,2,4,0.01,14,0.016091954022988506
granger,log_return,0,2,4,0.02,21,0.02413793103448276
granger,log_return,0,2,4,0.05,55,0.06321839080459771
granger,log_return,0,2,4,0.1,82,0.09425287356321839
granger,log_return,0,2,4,0.2,113,0.12988505747126436
granger,log_return,0,2,4,0.3,119,0.1367816091954023
granger,log_return,0,2,4,0.5,120,0.13793103448275862
granger,log_return,0,3,none,0.001,2,0.0022988505747126436
granger,log_return,0,3,none,0.005,4,0.004597701149425287
granger,log_return,0,3,none,0.01,9,0.010344827586206896
granger,log_return,0,3,none,0.02,13,0.014942528735632184
granger,log_return,0,3,none,0.05,38,0.04367816091954023
granger,log_return,0,3,none,0.1,81,0.09310344827586207
granger,log_return,0,3,none,0.2,159,0.18275862068965518
granger,log_return,0,3,none,0.3,258,0.296551724137931
granger,log_return,0,3,none,0.5,415,0.47701149425287354
granger,log_return,0,3,5,0.001,2,0.0022988505747126436
granger,log_return,0,3,5,0.005,4,0.004597701149425287
granger,log_return,0,3,5,0.01,9,0.010344827586206896
granger,log_return,0,3,5,0.02,13,0.014942528735632184
granger,log_return,0,3,5,0.05,38,0.04367816091954023
granger,log_return,0,3,5,0.1,67,0.07701149425287357
granger,log_return,0,3,5,0.2,117,0.13448275862068965
granger,log_return,0,3,5,0.3,139,0.15977011494252874
granger,log_return,0,3,5,0.5,150,0.1724137931034483
granger,log_return,0,3,4,0.001,2,0.0022988505747126436
granger,log_return,0,3,4,0.005,4,0.004597701149425287
granger,log_return,0,3,4,0.01,9,0.010344827586206896
granger,log_return,0,3,4,0.02,13,0.014942528735632184
granger,log_return,0,3,4,0.05,37,0.04252873563218391
granger,log_return,0,3,4,0.1,64,0.0735632183908046
granger,log_return,0,3,4,0.2,103,0.11839080459770115
granger,log_return,0,3,4,0.3,113,0.12988505747126436
granger,log_return,0,3,4,0.5,120,0.13793103448275862
granger,log_return,1,1,none,0.001,0,0.0
granger,log_return,1,1,none,0.005,5,0.005747126436781609
granger,log_return,1,1,none,0.01,10,0.011494252873563218
granger,log_return,1,1,none,0.02,24,0.027586206896551724
granger,log_return,1,1,none,0.05,53,0.06091954022988506
granger,log_return,1,1,none,0.1,96,0.1103448275862069
granger,log_return,1,1,none,0.2,192,0.2206896551724138
granger,log_return,1,1,none,0.3,272,0.31264367816091954
granger,log_return,1,1,none,0.5,440,0.5057471264367817
granger,log_return,1,1,5,0.001,0,0.0
granger,log_return,1,1,5,0.005,5,0.005747126436781609
granger,log_return,1,1,5,0.01,10,0.011494252873563218
granger,log_return,1,1,5,0.02,23,0.026436781609195402
granger,log_return,1,1,5,0.05,48,0.05517241379310345
granger,log_return,1,1,5,0.1,77,0.08850574712643679
granger,log_return,1,1,5,0.2,128,0.1471264367816092
granger,log_return,1,1,5,0.3,146,0.167816091954023
granger,log_return,1,1,5,0.5,150,0.1724137931034483
granger,log_return,1,1,4,0.001,0,0.0
granger,log_return,1,1,4,0.005,5,0.005747126436781609
granger,log_return,1,1,4,0.01,10,0.011494252873563218
granger,log_return,1,1,4,0.02,22,0.02528735632183908
granger,log_return,1,1,4,0.05,44,0.05057471264367816
granger,log_return,1,1,4,0.1,71,0.08160919540229886
granger,log_return,1,1,4,0.2,109,0.12528735632183907
granger,log_return,1,1,4,0.3,118,0.135632183908046
granger,log_return,1,1,4,0.5,120,0.13793103448275862
granger,log_return,1,2,none,0.001,0,0.0
granger,log_return,1,2,none,0.005,4,0.004597701149425287
granger,log_return,1,2,none,0.01,11,0.01264367816091954
granger,log_return,1,2,none,0.02,21,0.02413793103448276
granger,log_return,1,2,none,0.05,51,0.05862068965517241
granger,log_return,1,2,none,0.1,100,0.11494252873563218
granger,log_return,1,2,none,0.2,189,0.21724137931034482
granger,log_return,1,2,none,0.3,263,0.3022988505747126
granger,log_return,1,2,none,0.5,434,0.49885057471264366
granger,log_return,1,2,5,0.001,0,0.0
granger,log_return,1,2,5,0.005,4,0.004597701149425287
granger,log_return,1,2,5,0.01,11,0.01264367816091954
granger,log_return,1,2,5,0.02,21,0.02413793103448276
granger,log_return,1,2,5,0.05,48,0.05517241379310345
granger,log_return,1,2,5,0.1,89,0.10229885057471265
granger,log_return,1,2,5,0.2,124,0.1425287356321839
granger,log_return,1,2,5,0.3,143,0.16436781609195403
granger,log_return,1,2,5,0.5,148,0.17011494252873563
granger,log_return,1,2,4,0.001,0,0.0
granger,log_return,1,2,4,0.005,4,0.004597701149425287
granger,log_return,1,2,4,0.01,11,0.01264367816091954
granger,log_return,1,2,4,0.02,20,0.022988505747126436
granger,log_return,1,2,4,0.05,46,0.052873563218390804
granger,log_return,1,2,4,0.1,79,0.09080459770114943
granger,log_return,1,2,4,0.2,104,0.11954022988505747
granger,log_return,1,2,4,0.3,116,0.13333333333333333
granger,log_return,1,2,4,0.5,119,0.1367816091954023
granger,log_return,1,3,none,0.001,1,0.0011494252873563218
granger,log_return,1,3,none,0.005,5,0.005747126436781609
granger,log_return,1,3,none,0.01,9,0.010344827586206896
granger,log_return,1,3,none,0.02,24,0.027586206896551724
granger,log_return,1,3,none,0.05,52,0.059770114942528735
granger,log_return,1,3,none,0.1,114,0.1310344827586207
granger,log_return,1,3,none,0.2,210,0.2413793103448276
granger,log_return,1,3,none,0.3,298,0.3425287356321839
granger,log_return,1,3,none,0.5,486,0.5586206896551724
granger,log_return,1,3,5,0.001,1,0.0011494252873563218
granger,log_return,1,3,5,0.005,5,0.005747126436781609
granger,log_return,1,3,5,0.01,9,0.010344827586206896
granger,log_return,1,3,5,0.02,23,0.026436781609195402
granger,log_return,1,3,5,0.05,49,0.05632183908045977
granger,log_return,1,3,5,0.1,98,0.11264367816091954
granger,log_return,1,3,5,0.2,132,0.15172413793103448
granger,log_return,1,3,5,0.3,148,0.17011494252873563
granger,log_return,1,3,5,0.5,150,0.1724137931034483
granger,log_return,1,3,4,0.001,1,0.0011494252873563218
granger,log_return,1,3,4,0.005,5,0.005747126436781609
granger,log_return,1,3,4,0.01,9,0.010344827586206896
granger,log_return,1,3,4,0.02,22,0.02528735632183908
granger,log_return,1,3,4,0.05,46,0.052873563218390804
granger,log_return,1,3,4,0.1,89,0.10229885057471265
granger,log_return,1,3,4,0.2,111,0.12758620689655173
granger,log_return,1,3,4,0.3,119,0.1367816091954023
granger,log_return,1,3,4,0.5,120,0.13793103448275862
granger,log_return,2,1,none,0.001,31,0.035632183908045977
granger,log_return,2,1,none,0.005,64,0.0735632183908046
granger,log_return,2,1,none,0.01,96,0.1103448275862069
granger,log_return,2,1,none,0.02,145,0.16666666666666666
granger,log_return,2,1,none,0.05,260,0.2988505747126437
granger,log_return,2,1,none,0.1,355,0.40804597701149425
granger,log_return,2,1,none,0.2,495,0.5689655172413793
granger,log_return,2,1,none,0.3,595,0.6839080459770115
granger,log_return,2,1,none,0.5,705,0.8103448275862069
granger,log_return,2,1,5,0.001,29,0.03333333333333333
granger,log_return,2,1,5,0.005,60,0.06896551724137931
granger,log_return,2,1,5,0.01,84,0.09655172413793103
granger,log_return,2,1,5,0.02,107,0.12298850574712644
granger,log_return,2,1,5,0.05,133,0.1528735632183908
granger,log_return,2,1,5,0.1,145,0.16666666666666666
granger,log_return,2,1,5,0.2,150,0.1724137931034483
granger,log_return,2,1,5,0.3,150,0.1724137931034483
granger,log_return,2,1,5,0.5,150,0.1724137931034483
granger,log_return,2,1,4,0.001,28,0.03218390804597701
granger,log_return,2,1,4,0.005,56,0.06436781609195402
granger,log_return,2,1,4,0.01,76,0.08735632183908046
granger,log_return,2,1,4,0.02,91,0.10459770114942529
granger,log_return,2,1,4,0.05,110,0.12643678160919541
granger,log_return,2,1,4,0.1,118,0.135632183908046
granger,log_return,2,1,4,0.2,120,0.13793103448275862
granger,log_return,2,1,4,0.3,120,0.13793103448275862
granger,log_return,2,1,4,0.5,120,0.13793103448275862
granger,log_return,2,2,none,0.001,13,0.014942528735632184
granger,log_return,2,2,none,0.005,33,0.03793103448275862
granger,log_return,2,2,none,0.01,55,0.06321839080459771
granger,log_return,2,2,none,0.02,94,0.10804597701149425
granger,log_return,2,2,none,0.05,154,0.17701149425287357
granger,log_return,2,2,none,0.1,229,0.2632183908045977
granger,log_return,2,2,none,0.2,383,0.44022988505747124
granger,log_return,2,2,none,0.3,486,0.5586206896551724
granger,log_return,2,2,none,0.5,638,0.7333333333333333
granger,log_return,2,2,5,0.001,13,0.014942528735632184
granger,log_return,2,2,5,0.005,32,0.0367816091954023
granger,log_return,2,2,5,0.01,50,0.05747126436781609
granger,log_return,2,2,5,0.02,83,0.09540229885057472
granger,log_return,2,2,5,0.05,117,0.13448275862068965
granger,log_return,2,2,5,0.1,132,0.15172413793103448
granger,log_return,2,2,5,0.2,148,0.17011494252873563
granger,log_return,2,2,5,0.3,150,0.1724137931034483
granger,log_return,2,2,5,0.5,150,0.1724137931034483
granger,log_return,2,2,4,0.001,13,0.014942528735632184
granger,log_return,2,2,4,0.005,31,0.035632183908045977
granger,log_return,2,2,4,0.01,48,0.05517241379310345
granger,log_return,2,2,4,0.02,76,0.08735632183908046
granger,log_return,2,2,4,0.05,101,0.11609195402298851
granger,log_return,2,2,4,0.1,109,0.12528735632183907
granger,log_return,2,2,4,0.2,119,0.1367816091954023
granger,log_return,2,2,4,0.3,120,0.13793103448275862
granger,log_return,2,2,4,0.5,120,0.13793103448275862
granger,log_return,2,3,none,0.001,4,0.004597701149425287
granger,log_return,2,3,none,0.005,17,0.01954022988505747
granger,log_return,2,3,none,0.01,27,0.03103448275862069
granger,log_return,2,3,none,0.02,41,0.047126436781609195
granger,log_return,2,3,none,0.05,76,0.08735632183908046
granger,log_return,2,3,none,0.1,138,0.15862068965517243
granger,log_return,2,3,none,0.2,234,0.2689655172413793
granger,log_return,2,3,none,0.3,343,0.39425287356321836
granger,log_return,2,3,none,0.5,536,0.6160919540229886
granger,log_return,2,3,5,0.001,4,0.004597701149425287
granger,log_return,2,3,5,0.005,17,0.01954022988505747
granger,log_return,2,3,5,0.01,27,0.03103448275862069
granger,log_return,2,3,5,0.02,41,0.047126436781609195
granger,log_return,2,3,5,0.05,69,0.07931034482758621
granger,log_return,2,3,5,0.1,98,0.11264367816091954
granger,log_return,2,3,5,0.2,135,0.15517241379310345
granger,log_return,2,3,5,0.3,147,0.16896551724137931
granger,log_return,2,3,5,0.5,150,0.1724137931034483
granger,log_return,2,3,4,0.001,4,0.004597701149425287
granger,log_return,2,3,4,0.005,17,0.01954022988505747
granger,log_return,2,3,4,0.01,27,0.03103448275862069
granger,log_return,2,3,4,0.02,39,0.04482758620689655
granger,log_return,2,3,4,0.05,63,0.07241379310344828
granger,log_return,2,3,4,0.1,86,0.09885057471264368
granger,log_return,2,3,4,0.2,113,0.12988505747126436
granger,log_return,2,3,4,0.3,119,0.1367816091954023
granger,log_return,2,3,4,0.5,120,0.13793103448275862
granger,log_return,3,1,none,0.001,0,0.0
granger,log_return,3,1,none,0.005,0,0.0
granger,log_return,3,1,none,0.01,2,0.0022988505747126436
granger,log_return,3,1,none,0.02,5,0.005747126436781609
granger,log_return,3,1,none,0.05,17,0.01954022988505747
granger,log_return,3,1,none,0.1,44,0.05057471264367816
granger,log_return,3,1,none,0.2,95,0.10919540229885058
granger,log_return,3,1,none,0.3,165,0.1896551724137931
granger,log_return,3,1,none,0.5,357,0.4103448275862069
granger,log_return,3,1,5,0.001,0,0.0
granger,log_return,3,1,5,0.005,0,0.0
granger,log_return,3,1,5,0.01,2,0.0022988505747126436
granger,log_return,3,1,5,0.02,5,0.005747126436781609
granger,log_return,3,1,5,0.05,17,0.01954022988505747
granger,log_return,3,1,5,0.1,44,0.05057471264367816
granger,log_return,3,1,5,0.2,88,0.10114942528735632
granger,log_return,3,1,5,0.3,122,0.14022988505747128
granger,log_return,3,1,5,0.5,150,0.1724137931034483
granger,log_return,3,1,4,0.001,0,0.0
granger,log_return,3,1,4,0.005,0,0.0
granger,log_return,3,1,4,0.01,2,0.0022988505747126436
granger,log_return,3,1,4,0.02,5,0.005747126436781609
granger,log_return,3,1,4,0.05,17,0.01954022988505747
granger,log_return,3,1,4,0.1,43,0.04942528735632184
granger,log_return,3,1,4,0.2,82,0.09425287356321839
granger,log_return,3,1,4,0.3,104,0.11954022988505747
granger,log_return,3,1,4,0.5,120,0.13793103448275862
granger,log_return,3,2,none,0.001,1,0.0011494252873563218
granger,log_return,3,2,none,0.005,3,0.0034482758620689655
granger,log_return,3,2,none,0.01,7,0.008045977011494253
granger,log_return,3,2,none,0.02,14,0.016091954022988506
granger,log_return,3,2,none,0.05,50,0.05747126436781609
granger,log_return,3,2,none,0.1,87,0.1
granger,log_return,3,2,none,0.2,154,0.17701149425287357
granger,log_return,3,2,none,0.3,234,0.2689655172413793
granger,log_return,3,2,none,0.5,411,0.4724137931034483
granger,log_return,3,2,5,0.001,1,0.0011494252873563218
granger,log_return,3,2,5,0.005,3,0.0034482758620689655
granger,log_return,3,2,5,0.01,7,0.008045977011494253
granger,log_return,3,2,5,0.02,14,0.016091954022988506
granger,log_return,3,2,5,0.05,48,0.05517241379310345
granger,log_return,3,2,5,0.1,81,0.09310344827586207
granger,log_return,3,2,5,0.2,122,0.14022988505747128
granger,log_return,3,2,5,0.3,141,0.16206896551724137
granger,log_return,3,2,5,0.5,150,0.1724137931034483
granger,log_return,3,2,4,0.001,1,0.0011494252873563218
granger,log_return,3,2,4,0.005,3,0.0034482758620689655
granger,log_return,3,2,4,0.01,7,0.008045977011494253
granger,log_return,3,2,4,0.02,14,0.016091954022988506
granger,log_return,3,2,4,0.05,46,0.052873563218390804
granger,log_return,3,2,4,0.1,76,0.08735632183908046
granger,log_return,3,2,4,0.2,103,0.11839080459770115
granger,log_return,3,2,4,0.3,116,0.13333333333333333
granger,log_return,3,2,4,0.5,120,0.13793103448275862
granger,log_return,3,3,none,0.001,1,0.0011494252873563218
granger,log_return,3,3,none,0.005,7,0.008045977011494253
granger,log_return,3,3,none,0.01,14,0.016091954022988506
granger,log_return,3,3,none,0.02,25,0.028735632183908046
granger,log_return,3,3,none,0.05,61,0.07011494252873564
granger,log_return,3,3,none,0.1,128,0.1471264367816092
granger,log_return,3,3,none,0.2,248,0.2850574712643678
granger,log_return,3,3,none,0.3,343,0.39425287356321836
granger,log_return,3,3,none,0.5,513,0.5896551724137931
granger,log_return,3,3,5,0.001,1,0.0011494252873563218
granger,log_return,3,3,5,0.005,7,0.008045977011494253
granger,log_return,3,3,5,0.01,14,0.016091954022988506
granger,log_return,3,3,5,0.02,25,0.028735632183908046
granger,log_return,3,3,5,0.05,60,0.06896551724137931
granger,log_return,3,3,5,0.1,107,0.12298850574712644
granger,log_return,3,3,5,0.2,144,0.16551724137931034
granger,log_return,3,3,5,0.3,148,0.17011494252873563
granger,log_return,3,3,5,0.5,149,0.17126436781609194
granger,log_return,3,3,4,0.001,1,0.0011494252873563218
granger,log_return,3,3,4,0.005,7,0.008045977011494253
granger,log_return,3,3,4,0.01,14,0.016091954022988506
granger,log_return,3,3,4,0.02,25,0.028735632183908046
granger,log_return,3,3,4,0.05,58,0.06666666666666667
granger,log_return,3,3,4,0.1,95,0.10919540229885058
granger,log_return,3,3,4,0.2,118,0.135632183908046
granger,log_return,3,3,4,0.3,119,0.1367816091954023
granger,log_return,3,3,4,0.5,120,0.13793103448275862
digauss,log_return,0,1,none,0.001,4,0.004597701149425287
digauss,log_return,0,1,none,0.005,14,0.016091954022988506
digauss,log_return,0,1,none,0.01,24,0.027586206896551724
digauss,log_return,0,1,none,0.02,37,0.04252873563218391
digauss,log_return,0,1,none,0.05,62,0.07126436781609195
digauss,log_return,0,1,none,0.1,103,0.11839080459770115
digauss,log_return,0,1,none,0.2,213,0.24482758620689654
digauss,log_return,0,1,none,0.3,298,0.3425287356321839
digauss,log_return,0,1,none,0.5,462,0.5310344827586206
digauss,log_return,0,1,5,0.001,4,0.004597701149425287
digauss,log_return,0,1,5,0.005,14,0.016091954022988506
digauss,log_return,0,1,5,0.01,24,0.027586206896551724
digauss,log_return,0,1,5,0.02,37,0.04252873563218391
digauss,log_return,0,1,5,0.05,58,0.06666666666666667
digauss,log_return,0,1,5,0.1,91,0.10459770114942529
digauss,log_return,0,1,5,0.2,138,0.15862068965517243
digauss,log_return,0,1,5,0.3,145,0.16666666666666666
digauss,log_return,0,1,5,0.5,150,0.1724137931034483
digauss,log_return,0,1,4,0.001,4,0.004597701149425287
digauss,log_return,0,1,4,0.005,14,0.016091954022988506
digauss,log_return,0,1,4,0.01,24,0.027586206896551724
digauss,log_return,0,1,4,0.02,37,0.04252873563218391
digauss,log_return,0,1,4,0.05,56,0.06436781609195402
digauss,log_return,0,1,4,0.1,85,0.09770114942528736
digauss,log_return,0,1,4,0.2,114,0.1310344827586207
digauss,log_return,0,1,4,0.3,118,0.135632183908046
digauss,log_return,0,1,4,0.5,120,0.13793103448275862
digauss,log_return,0,2,none,0.001,6,0.006896551724137931
digauss,log_return,0,2,none,0.005,24,0.027586206896551724
digauss,log_return,0,2,none,0.01,33,0.03793103448275862
digauss,log_return,0,2,none,0.02,50,0.05747126436781609
digauss,log_return,0,2,none,0.05,105,0.1206896551724138
digauss,log_return,0,2,none,0.1,154,0.17701149425287357
digauss,log_return,0,2,none,0.2,256,0.2942528735632184
digauss,log_return,0,2,none,0.3,347,0.3988505747126437
digauss,log_return,0,2,none,0.5,505,0.5804597701149425
digauss,log_return,0,2,5,0.001,6,0.006896551724137931
digauss,log_return,0,2,5,0.005,24,0.027586206896551724
digauss,log_return,0,2,5,0.01,33,0.03793103448275862
digauss,log_return,0,2,5,0.02,50,0.05747126436781609
digauss,log_return,0,2,5,0.05,91,0.10459770114942529
digauss,log_return,0,2,5,0.1,118,0.135632183908046
digauss,log_return,0,2,5,0.2,142,0.1632183908045977
digauss,log_return,0,2,5,0.3,150,0.1724137931034483
digauss,log_return,0,2,5,0.5,150,0.1724137931034483
digauss,log_return,0,2,4,0.001,6,0.006896551724137931
digauss,log_return,0,2,4,0.005,24,0.027586206896551724
digauss,log_return,0,2,4,0.01,33,0.03793103448275862
digauss,log_return,0,2,4,0.02,49,0.05632183908045977
digauss,log_return,0,2,4,0.05,83,0.09540229885057472
digauss,log_return,0,2,4,0.1,104,0.11954022988505747
digauss,log_return,0,2,4,0.2,115,0.13218390804597702
digauss,log_return,0,2,4,0.3,120,0.13793103448275862
digauss,log_return,0,2,4,0.5,120,0.13793103448275862
digauss,log_return,0,3,none,0.001,6,0.006896551724137931
digauss,log_return,0,3,none,0.005,13,0.014942528735632184
digauss,log_return,0,3,none,0.01,18,0.020689655172413793
digauss,log_return,0,3,none,0.02,31,0.035632183908045977
digauss,log_return,0,3,none,0.05,67,0.07701149425287357
digauss,log_return,0,3,none,0.1,121,0.13908045977011493
digauss,log_return,0,3,none,0.2,217,0.24942528735632183
digauss,log_return,0,3,none,0.3,302,0.3471264367816092
digauss,log_return,0,3,none,0.5,463,0.532183908045977
digauss,log_return,0,3,5,0.001,6,0.006896551724137931
digauss,log_return,0,3,5,0.005,13,0.014942528735632184
digauss,log_return,0,3,5,0.01,18,0.020689655172413793
digauss,log_return,0,3,5,0.02,28,0.03218390804597701
digauss,log_return,0,3,5,0.05,56,0.06436781609195402
digauss,log_return,0,3,5,0.1,95,0.10919540229885058
digauss,log_return,0,3,5,0.2,141,0.16206896551724137
digauss,log_return,0,3,5,0.3,148,0.17011494252873563
digauss,log_return,0,3,5,0.5,150,0.1724137931034483
digauss,log_return,0,3,4,0.001,6,0.006896551724137931
digauss,log_return,0,3,4,0.005,13,0.014942528735632184
digauss,log_return,0,3,4,0.01,18,0.020689655172413793
digauss,log_return,0,3,4,0.02,26,0.029885057471264367
digauss,log_return,0,3,4,0.05,53,0.06091954022988506
digauss,log_return,0,3,4,0.1,87,0.1
digauss,log_return,0,3,4,0.2,117,0.13448275862068965
digauss,log_return,0,3,4,0.3,119,0.1367816091954023
digauss,log_return,0,3,4,0.5,120,0.13793103448275862
digauss,log_return,1,1,none,0.001,3,0.0034482758620689655
digauss,log_return,1,1,none,0.005,10,0.011494252873563218
digauss,log_return,1,1,none,0.01,19,0.021839080459770115
digauss,log_return,1,1,none,0.02,31,0.035632183908045977
digauss,log_return,1,1,none,0.05,60,0.06896551724137931
digauss,log_return,1,1,none,0.1,103,0.11839080459770115
digauss,log_return,1,1,none,0.2,211,0.2425287356321839
digauss,log_return,1,1,none,0.3,294,0.33793103448275863
digauss,log_return,1,1,none,0.5,465,0.5344827586206896
digauss,log_return,1,1,5,0.001,3,0.0034482758620689655
digauss,log_return,1,1,5,0.005,10,0.011494252873563218
digauss,log_return,1,1,5,0.01,19,0.021839080459770115
digauss,log_return,1,1,5,0.02,27,0.03103448275862069
digauss,log_return,1,1,5,0.05,48,0.05517241379310345
digauss,log_return,1,1,5,0.1,78,0.0896551724137931
digauss,log_return,1,1,5,0.2,133,0.1528735632183908
digauss,log_return,1,1,5,0.3,147,0.16896551724137931
digauss,log_return,1,1,5,0.5,150,0.1724137931034483
digauss,log_return,1,1,4,0.001,3,0.0034482758620689655
digauss,log_return,1,1,4,0.005,10,0.011494252873563218
digauss,log_return,1,1,4,0.01,18,0.020689655172413793
digauss,log_return,1,1,4,0.02,25,0.028735632183908046
digauss,log_return,1,1,4,0.05,45,0.05172413793103448
digauss,log_return,1,1,4,0.1,72,0.08275862068965517
digauss,log_return,1,1,4,0.2,113,0.12988505747126436
digauss,log_return,1,1,4,0.3,118,0.135632183908046
digauss,log_return,1,1,4,0.5,120,0.13793103448275862
digauss,log_return,1,2,none,0.001,4,0.004597701149425287
digauss,log_return,1,2,none,0.005,11,0.01264367816091954
digauss,log_return,1,2,none,0.01,17,0.01954022988505747
digauss,log_return,1,2,none,0.02,31,0.035632183908045977
digauss,log_return,1,2,none,0.05,66,0.07586206896551724
digauss,log_return,1,2,none,0.1,104,0.11954022988505747
digauss,log_return,1,2,none,0.2,185,0.21264367816091953
digauss,log_return,1,2,none,0.3,276,0.31724137931034485
digauss,log_return,1,2,none,0.5,448,0.5149425287356322
digauss,log_return,1,2,5,0.001,4,0.004597701149425287
digauss,log_return,1,2,5,0.005,10,0.011494252873563218
digauss,log_return,1,2,5,0.01,16,0.01839080459770115
digauss,log_return,1,2,5,0.02,29,0.03333333333333333
digauss,log_return,1,2,5,0.05,60,0.06896551724137931
digauss,log_return,1,2,5,0.1,88,0.10114942528735632
digauss,log_return,1,2,5,0.2,126,0.14482758620689656
digauss,log_return,1,2,5,0.3,143,0.16436781609195403
digauss,log_return,1,2,5,0.5,150,0.1724137931034483
digauss,log_return,1,2,4,0.001,4,0.004597701149425287
digauss,log_return,1,2,4,0.005,9,0.010344827586206896
digauss,log_return,1,2,4,0.01,15,0.017241379310344827
digauss,log_return,1,2,4,0.02,27,0.03103448275862069
digauss,log_return,1,2,4,0.05,56,0.06436781609195402
digauss,log_return,1,2,4,0.1,79,0.09080459770114943
digauss,log_return,1,2,4,0.2,107,0.12298850574712644
digauss,log_return,1,2,4,0.3,115,0.13218390804597702
digauss,log_return,1,2,4,0.5,120,0.13793103448275862
digauss,log_return,1,3,none,0.001,7,0.008045977011494253
digauss,log_return,1,3,none,0.005,21,0.02413793103448276
digauss,log_return,1,3,none,0.01,28,0.03218390804597701
digauss,log_return,1,3,none,0.02,45,0.05172413793103448
digauss,log_return,1,3,none,0.05,86,0.09885057471264368
digauss,log_return,1,3,none,0.1,144,0.16551724137931034
digauss,log_return,1,3,none,0.2,251,0.2885057471264368
digauss,log_return,1,3,none,0.3,336,0.38620689655172413
digauss,log_return,1,3,none,0.5,509,0.5850574712643678
digauss,log_return,1,3,5,0.001,7,0.008045977011494253
digauss,log_return,1,3,5,0.005,19,0.021839080459770115
digauss,log_return,1,3,5,0.01,26,0.029885057471264367
digauss,log_return,1,3,5,0.02,41,0.047126436781609195
digauss,log_return,1,3,5,0.05,74,0.08505747126436781
digauss,log_return,1,3,5,0.1,101,0.11609195402298851
digauss,log_return,1,3,5,0.2,136,0.15632183908045977
digauss,log_return,1,3,5,0.3,149,0.17126436781609194
digauss,log_return,1,3,5,0.5,150,0.1724137931034483
digauss,log_return,1,3,4,0.001,6,0.006896551724137931
digauss,log_return,1,3,4,0.005,18,0.020689655172413793
digauss,log_return,1,3,4,0.01,25,0.028735632183908046
digauss,log_return,1,3,4,0.02,40,0.04597701149425287
digauss,log_return,1,3,4,0.05,69,0.07931034482758621
digauss,log_return,1,3,4,0.1,87,0.1
digauss,log_return,1,3,4,0.2,113,0.12988505747126436
digauss,log_return,1,3,4,0.3,120,0.13793103448275862
digauss,log_return,1,3,4,0.5,120,0.13793103448275862
digauss,log_return,2,1,none,0.001,105,0.1206896551724138
digauss,log_return,2,1,none,0.005,173,0.19885057471264367
digauss,log_return,2,1,none,0.01,225,0.25862068965517243
digauss,log_return,2,1,none,0.02,287,0.32988505747126434
digauss,log_return,2,1,none,0.05,407,0.46781609195402296
digauss,log_return,2,1,none,0.1,484,0.5563218390804597
digauss,log_return,2,1,none,0.2,598,0.6873563218390805
digauss,log_return,2,1,none,0.3,675,0.7758620689655172
digauss,log_return,2,1,none,0.5,740,0.8505747126436781
digauss,log_return,2,1,5,0.001,91,0.10459770114942529
digauss,log_return,2,1,5,0.005,118,0.135632183908046
digauss,log_return,2,1,5,0.01,128,0.1471264367816092
digauss,log_return,2,1,5,0.02,140,0.16091954022988506
digauss,log_return,2,1,5,0.05,150,0.1724137931034483
digauss,log_return,2,1,5,0.1,150,0.1724137931034483
digauss,log_return,2,1,5,0.2,150,0.1724137931034483
digauss,log_return,2,1,5,0.3,150,0.1724137931034483
digauss,log_return,2,1,5,0.5,150,0.1724137931034483
digauss,log_return,2,1,4,0.001,81,0.09310344827586207
digauss,log_return,2,1,4,0.005,99,0.11379310344827587
digauss,log_return,2,1,4,0.01,106,0.12183908045977011
digauss,log_return,2,1,4,0.02,115,0.13218390804597702
digauss,log_return,2,1,4,0.05,120,0.13793103448275862
digauss,log_return,2,1,4,0.1,120,0.13793103448275862
digauss,log_return,2,1,4,0.2,120,0.13793103448275862
digauss,log_return,2,1,4,0.3,120,0.13793103448275862
digauss,log_return,2,1,4,0.5,120,0.13793103448275862
digauss,log_return,2,2,none,0.001,52,0.059770114942528735
digauss,log_return,2,2,none,0.005,115,0.13218390804597702
digauss,log_return,2,2,none,0.01,151,0.1735632183908046
digauss,log_return,2,2,none,0.02,213,0.24482758620689654
digauss,log_return,2,2,none,0.05,303,0.3482758620689655
digauss,log_return,2,2,none,0.1,399,0.4586206896551724
digauss,log_return,2,2,none,0.2,512,0.5885057471264368
digauss,log_return,2,2,none,0.3,601,0.6908045977011494
digauss,log_return,2,2,none,0.5,712,0.8183908045977012
digauss,log_return,2,2,5,0.001,46,0.052873563218390804
digauss,log_return,2,2,5,0.005,86,0.09885057471264368
digauss,log_return,2,2,5,0.01,103,0.11839080459770115
digauss,log_return,2,2,5,0.02,122,0.14022988505747128
digauss,log_return,2,2,5,0.05,142,0.1632183908045977
digauss,log_return,2,2,5,0.1,149,0.17126436781609194
digauss,log_return,2,2,5,0.2,150,0.1724137931034483
digauss,log_return,2,2,5,0.3,150,0.1724137931034483
digauss,log_return,2,2,5,0.5,150,0.1724137931034483
digauss,log_return,2,2,4,0.001,42,0.04827586206896552
digauss,log_return,2,2,4,0.005,76,0.08735632183908046
digauss,log_return,2,2,4,0.01,87,0.1
digauss,log_return,2,2,4,0.02,103,0.11839080459770115
digauss,log_return,2,2,4,0.05,116,0.13333333333333333
digauss,log_return,2,2,4,0.1,120,0.13793103448275862
digauss,log_return,2,2,4,0.2,120,0.13793103448275862
digauss,log_return,2,2,4,0.3,120,0.13793103448275862
digauss,log_return,2,2,4,0.5,120,0.13793103448275862
digauss,log_return,2,3,none,0.001,36,0.041379310344827586
digauss,log_return,2,3,none,0.005,73,0.0839080459770115
digauss,log_return,2,3,none,0.01,101,0.11609195402298851
digauss,log_return,2,3,none,0.02,142,0.1632183908045977
digauss,log_return,2,3,none,0.05,233,0.267816091954023
digauss,log_return,2,3,none,0.1,317,0.364367816091954
digauss,log_return,2,3,none,0.2,433,0.49770114942528737
digauss,log_return,2,3,none,0.3,523,0.6011494252873564
digauss,log_return,2,3,none,0.5,666,0.7655172413793103
digauss,log_return,2,3,5,0.001,35,0.040229885057471264
digauss,log_return,2,3,5,0.005,67,0.07701149425287357
digauss,log_return,2,3,5,0.01,81,0.09310344827586207
digauss,log_return,2,3,5,0.02,97,0.11149425287356322
digauss,log_return,2,3,5,0.05,127,0.14597701149425288
digauss,log_return,2,3,5,0.1,142,0.1632183908045977
digauss,log_return,2,3,5,0.2,146,0.167816091954023
digauss,log_return,2,3,5,0.3,150,0.1724137931034483
digauss,log_return,2,3,5,0.5,150,0.1724137931034483
digauss,log_return,2,3,4,0.001,34,0.03908045977011494
digauss,log_return,2,3,4,0.005,60,0.06896551724137931
digauss,log_return,2,3,4,0.01,72,0.08275862068965517
digauss,log_return,2,3,4,0.02,85,0.09770114942528736
digauss,log_return,2,3,4,0.05,105,0.1206896551724138
digauss,log_return,2,3,4,0.1,115,0.13218390804597702
digauss,log_return,2,3,4,0.2,117,0.13448275862068965
digauss,log_return,2,3,4,0.3,120,0.13793103448275862
digauss,log_return,2,3,4,0.5,120,0.13793103448275862
digauss,log_return,3,1,none,0.001,0,0.0
digauss,log_return,3,1,none,0.005,3,0.0034482758620689655
digauss,log_return,3,1,none,0.01,8,0.009195402298850575
digauss,log_return,3,1,none,0.02,18,0.020689655172413793
digauss,log_return,3,1,none,0.05,52,0.059770114942528735
digauss,log_return,3,1,none,0.1,93,0.10689655172413794
digauss,log_return,3,1,none,0.2,176,0.20229885057471264
digauss,log_return,3,1,none,0.3,268,0.3080459770114943
digauss,log_return,3,1,none,0.5,445,0.5114942528735632
digauss,log_return,3,1,5,0.001,0,0.0
digauss,log_return,3,1,5,0.005,3,0.0034482758620689655
digauss,log_return,3,1,5,0.01,8,0.009195402298850575
digauss,log_return,3,1,5,0.02,18,0.020689655172413793
digauss,log_return,3,1,5,0.05,52,0.059770114942528735
digauss,log_return,3,1,5,0.1,85,0.09770114942528736
digauss,log_return,3,1,5,0.2,124,0.1425287356321839
digauss,log_return,3,1,5,0.3,145,0.16666666666666666
digauss,log_return,3,1,5,0.5,150,0.1724137931034483
digauss,log_return,3,1,4,0.001,0,0.0
digauss,log_return,3,1,4,0.005,3,0.0034482758620689655
digauss,log_return,3,1,4,0.01,8,0.009195402298850575
digauss,log_return,3,1,4,0.02,18,0.020689655172413793
digauss,log_return,3,1,4,0.05,51,0.05862068965517241
digauss,log_return,3,1,4,0.1,75,0.08620689655172414
digauss,log_return,3,1,4,0.2,106,0.12183908045977011
digauss,log_return,3,1,4,0.3,119,0.1367816091954023
digauss,log_return,3,1,4,0.5,120,0.13793103448275862
digauss,log_return,3,2,none,0.001,3,0.0034482758620689655
digauss,log_return,3,2,none,0.005,12,0.013793103448275862
digauss,log_return,3,2,none,0.01,16,0.01839080459770115
digauss,log_return,3,2,none,0.02,27,0.03103448275862069
digauss,log_return,3,2,none,0.05,70,0.08045977011494253
digauss,log_return,3,2,none,0.1,123,0.1413793103448276
digauss,log_return,3,2,none,0.2,200,0.22988505747126436
digauss,log_return,3,2,none,0.3,295,0.3390804597701149
digauss,log_return,3,2,none,0.5,461,0.5298850574712644
digauss,log_return,3,2,5,0.001,3,0.0034482758620689655
digauss,log_return,3,2,5,0.005,12,0.013793103448275862
digauss,log_return,3,2,5,0.01,16,0.01839080459770115
digauss,log_return,3,2,5,0.02,27,0.03103448275862069
digauss,log_return,3,2,5,0.05,64,0.0735632183908046
digauss,log_return,3,2,5,0.1,102,0.11724137931034483
digauss,log_return,3,2,5,0.2,130,0.14942528735632185
digauss,log_return,3,2,5,0.3,147,0.16896551724137931
digauss,log_return,3,2,5,0.5,150,0.1724137931034483
digauss,log_return,3,2,4,0.001,3,0.0034482758620689655
digauss,log_return,3,2,4,0.005,12,0.013793103448275862
digauss,log_return,3,2,4,0.01,16,0.01839080459770115
digauss,log_return,3,2,4,0.02,27,0.03103448275862069
digauss,log_return,3,2,4,0.05,61,0.07011494252873564
digauss,log_return,3,2,4,0.1,89,0.10229885057471265
digauss,log_return,3,2,4,0.2,108,0.12413793103448276
digauss,log_return,3,2,4,0.3,119,0.1367816091954023
digauss,log_return,3,2,4,0.5,120,0.13793103448275862
digauss,log_return,3,3,none,0.001,2,0.0022988505747126436
digauss,log_return,3,3,none,0.005,10,0.011494252873563218
digauss,log_return,3,3,none,0.01,17,0.01954022988505747
digauss,log_return,3,3,none,0.02,38,0.04367816091954023
digauss,log_return,3,3,none,0.05,84,0.09655172413793103
digauss,log_return,3,3,none,0.1,147,0.16896551724137931
digauss,log_return,3,3,none,0.2,274,0.31494252873563217
digauss,log_return,3,3,none,0.3,360,0.41379310344827586
digauss,log_return,3,3,none,0.5,516,0.593103448275862
digauss,log_return,3,3,5,0.001,2,0.0022988505747126436
digauss,log_return,3,3,5,0.005,10,0.011494252873563218
digauss,log_return,3,3,5,0.01,17,0.01954022988505747
digauss,log_return,3,3,5,0.02,38,0.04367816091954023
digauss,log_return,3,3,5,0.05,81,0.09310344827586207
digauss,log_return,3,3,5,0.1,117,0.13448275862068965
digauss,log_return,3,3,5,0.2,144,0.16551724137931034
digauss,log_return,3,3,5,0.3,148,0.17011494252873563
digauss,log_return,3,3,5,0.5,150,0.1724137931034483
digauss,log_return,3,3,4,0.001,2,0.0022988505747126436
digauss,log_return,3,3,4,0.005,10,0.011494252873563218
digauss,log_return,3,3,4,0.01,17,0.01954022988505747
digauss,log_return,3,3,4,0.02,38,0.04367816091954023
digauss,log_return,3,3,4,0.05,76,0.08735632183908046
digauss,log_return,3,3,4,0.1,99,0.11379310344827587
digauss,log_return,3,3,4,0.2,118,0.135632183908046
digauss,log_return,3,3,4,0.3,119,0.1367816091954023
digauss,log_return,3,3,4,0.5,120,0.13793103448275862
te,log_return,0,1,none,0.001,0,0.0
te,log_return,0,1,none,0.005,0,0.0
te,log_return,0,1,none,0.01,2,0.0022988505747126436
te,log_return,0,1,none,0.02,8,0.009195402298850575
te,log_return,0,1,none,0.05,22,0.02528735632183908
te,log_return,0,1,none,0.1,89,0.10229885057471265
te,log_return,0,1,none,0.2,165,0.1896551724137931
te,log_return,0,1,none,0.3,245,0.28160919540229884
te,log_return,0,1,none,0.5,423,0.4862068965517241
te,log_return,0,1,5,0.001,0,0.0
te,log_return,0,1,5,0.005,0,0.0
te,log_return,0,1,5,0.01,2,0.0022988505747126436
te,log_return,0,1,5,0.02,8,0.009195402298850575
te,log_return,0,1,5,0.05,22,0.02528735632183908
te,log_return,0,1,5,0.1,87,0.1
te,log_return,0,1,5,0.2,133,0.1528735632183908
te,log_return,0,1,5,0.3,147,0.16896551724137931
te,log_return,0,1,5,0.5,150,0.1724137931034483
te,log_return,0,1,4,0.001,0,0.0
te,log_return,0,1,4,0.005,0,0.0
te,log_return,0,1,4,0.01,2,0.0022988505747126436
te,log_return,0,1,4,0.02,8,0.009195402298850575
te,log_return,0,1,4,0.05,22,0.02528735632183908
te,log_return,0,1,4,0.1,82,0.09425287356321839
te,log_return,0,1,4,0.2,111,0.12758620689655173
te,log_return,0,1,4,0.3,119,0.1367816091954023
te,log_return,0,1,4,0.5,120,0.13793103448275862
te,log_return,0,2,none,0.001,0,0.0
te,log_return,0,2,none,0.005,11,0.01264367816091954
te,log_return,0,2,none,0.01,18,0.020689655172413793
te,log_return,0,2,none,0.02,37,0.04252873563218391
te,log_return,0,2,none,0.05,81,0.09310344827586207
te,log_return,0,2,none,0.1,131,0.15057471264367817
te,log_return,0,2,none,0.2,217,0.24942528735632183
te,log_return,0,2,none,0.3,297,0.3413793103448276
te,log_return,0,2,none,0.5,483,0.5551724137931034
te,log_return,0,2,5,0.001,0,0.0
te,log_return,0,2,5,0.005,11,0.01264367816091954
te,log_return,0,2,5,0.01,18,0.020689655172413793
te,log_return,0,2,5,0.02,37,0.04252873563218391
te,log_return,0,2,5,0.05,78,0.0896551724137931
te,log_return,0,2,5,0.1,112,0.12873563218390804
te,log_return,0,2,5,0.2,141,0.16206896551724137
te,log_return,0,2,5,0.3,147,0.16896551724137931
te,log_return,0,2,5,0.5,150,0.1724137931034483
te,log_return,0,2,4,0.001,0,0.0
te,log_return,0,2,4,0.005,11,0.01264367816091954
te,log_return,0,2,4,0.01,18,0.020689655172413793
te,log_return,0,2,4,0.02,36,0.041379310344827586
te,log_return,0,2,4,0.05,73,0.0839080459770115
te,log_return,0,2,4,0.1,98,0.11264367816091954
te,log_return,0,2,4,0.2,117,0.13448275862068965
te,log_return,0,2,4,0.3,119,0.1367816091954023
te,log_return,0,2,4,0.5,120,0.13793103448275862
te,log_return,0,3,none,0.001,0,0.0
te,log_return,0,3,none,0.005,1,0.0011494252873563218
te,log_return,0,3,none,0.01,17,0.01954022988505747
te,log_return,0,3,none,0.02,29,0.03333333333333333
te,log_return,0,3,none,0.05,61,0.07011494252873564
te,log_return,0,3,none,0.1,145,0.16666666666666666
te,log_return,0,3,none,0.2,251,0.2885057471264368
te,log_return,0,3,none,0.3,340,0.39080459770114945
te,log_return,0,3,none,0.5,512,0.5885057471264368
te,log_return,0,3,5,0.001,0,0.0
te,log_return,0,3,5,0.005,1,0.0011494252873563218
te,log_return,0,3,5,0.01,17,0.01954022988505747
te,log_return,0,3,5,0.02,29,0.03333333333333333
te,log_return,0,3,5,0.05,60,0.06896551724137931
te,log_return,0,3,5,0.1,118,0.135632183908046
te,log_return,0,3,5,0.2,147,0.16896551724137931
te,log_return,0,3,5,0.3,150,0.1724137931034483
te,log_return,0,3,5,0.5,150,0.1724137931034483
te,log_return,0,3,4,0.001,0,0.0
te,log_return,0,3,4,0.005,1,0.0011494252873563218
te,log_return,0,3,4,0.01,17,0.01954022988505747
te,log_return,0,3,4,0.02,29,0.03333333333333333
te,log_return,0,3,4,0.05,58,0.06666666666666667
te,log_return,0,3,4,0.1,104,0.11954022988505747
te,log_return,0,3,4,0.2,119,0.1367816091954023
te,log_return,0,3,4,0.3,120,0.13793103448275862
te,log_return,0,3,4,0.5,120,0.13793103448275862
te,log_return,1,1,none,0.001,0,0.0
te,log_return,1,1,none,0.005,3,0.0034482758620689655
te,log_return,1,1,none,0.01,7,0.008045977011494253
te,log_return,1,1,none,0.02,17,0.01954022988505747
te,log_return,1,1,none,0.05,41,0.047126436781609195
te,log_return,1,1,none,0.1,80,0.09195402298850575
te,log_return,1,1,none,0.2,188,0.2160919540229885
te,log_return,1,1,none,0.3,259,0.29770114942528736
te,log_return,1,1,none,0.5,412,0.4735632183908046
te,log_return,1,1,5,0.001,0,0.0
te,log_return,1,1,5,0.005,3,0.0034482758620689655
te,log_return,1,1,5,0.01,7,0.008045977011494253
te,log_return,1,1,5,0.02,17,0.01954022988505747
te,log_return,1,1,5,0.05,41,0.047126436781609195
te,log_return,1,1,5,0.1,73,0.0839080459770115
te,log_return,1,1,5,0.2,133,0.1528735632183908
te,log_return,1,1,5,0.3,145,0.16666666666666666
te,log_return,1,1,5,0.5,150,0.1724137931034483
te,log_return,1,1,4,0.001,0,0.0
te,log_return,1,1,4,0.005,3,0.0034482758620689655
te,log_return,1,1,4,0.01,7,0.008045977011494253
te,log_return,1,1,4,0.02,17,0.01954022988505747
te,log_return,1,1,4,0.05,41,0.047126436781609195
te,log_return,1,1,4,0.1,65,0.07471264367816093
te,log_return,1,1,4,0.2,111,0.12758620689655173
te,log_return,1,1,4,0.3,119,0.1367816091954023
te,log_return,1,1,4,0.5,120,0.13793103448275862
te,log_return,1,2,none,0.001,0,0.0
te,log_return,1,2,none,0.005,1,0.0011494252873563218
te,log_return,1,2,none,0.01,4,0.004597701149425287
te,log_return,1,2,none,0.02,8,0.009195402298850575
te,log_return,1,2,none,0.05,46,0.052873563218390804
te,log_return,1,2,none,0.1,120,0.13793103448275862
te,log_return,1,2,none,0.2,232,0.26666666666666666
te,log_return,1,2,none,0.3,301,0.34597701149425286
te,log_return,1,2,none,0.5,439,0.5045977011494253
te,log_return,1,2,5,0.001,0,0.0
te,log_return,1,2,5,0.005,1,0.0011494252873563218
te,log_return,1,2,5,0.01,4,0.004597701149425287
te,log_return,1,2,5,0.02,8,0.009195402298850575
te,log_return,1,2,5,0.05,46,0.052873563218390804
te,log_return,1,2,5,0.1,106,0.12183908045977011
te,log_return,1,2,5,0.2,147,0.16896551724137931
te,log_return,1,2,5,0.3,149,0.17126436781609194
te,log_return,1,2,5,0.5,150,0.1724137931034483
te,log_return,1,2,4,0.001,0,0.0
te,log_return,1,2,4,0.005,1,0.0011494252873563218
te,log_return,1,2,4,0.01,4,0.004597701149425287
te,log_return,1,2,4,0.02,8,0.009195402298850575
te,log_return,1,2,4,0.05,46,0.052873563218390804
te,log_return,1,2,4,0.1,95,0.10919540229885058
te,log_return,1,2,4,0.2,119,0.1367816091954023
te,log_return,1,2,4,0.3,120,0.13793103448275862
te,log_return,1,2,4,0.5,120,0.13793103448275862
te,log_return,1,3,none,0.001,0,0.0
te,log_return,1,3,none,0.005,1,0.0011494252873563218
te,log_return,1,3,none,0.01,15,0.017241379310344827
te,log_return,1,3,none,0.02,38,0.04367816091954023
te,log_return,1,3,none,0.05,56,0.06436781609195402
te,log_return,1,3,none,0.1,86,0.09885057471264368
te,log_return,1,3,none,0.2,199,0.22873563218390805
te,log_return,1,3,none,0.3,261,0.3
te,log_return,1,3,none,0.5,425,0.4885057471264368
te,log_return,1,3,5,0.001,0,0.0
te,log_return,1,3,5,0.005,1,0.0011494252873563218
te,log_return,1,3,5,0.01,15,0.017241379310344827
te,log_return,1,3,5,0.02,38,0.04367816091954023
te,log_return,1,3,5,0.05,54,0.06206896551724138
te,log_return,1,3,5,0.1,80,0.09195402298850575
te,log_return,1,3,5,0.2,140,0.16091954022988506
te,log_return,1,3,5,0.3,146,0.167816091954023
te,log_return,1,3,5,0.5,150,0.1724137931034483
te,log_return,1,3,4,0.001,0,0.0
te,log_return,1,3,4,0.005,1,0.0011494252873563218
te,log_return,1,3,4,0.01,15,0.017241379310344827
te,log_return,1,3,4,0.02,37,0.04252873563218391
te,log_return,1,3,4,0.05,53,0.06091954022988506
te,log_return,1,3,4,0.1,77,0.08850574712643679
te,log_return,1,3,4,0.2,118,0.135632183908046
te,log_return,1,3,4,0.3,120,0.13793103448275862
te,log_return,1,3,4,0.5,120,0.13793103448275862
te,log_return,2,1,none,0.001,0,0.0
te,log_return,2,1,none,0.005,9,0.010344827586206896
te,log_return,2,1,none,0.01,19,0.021839080459770115
te,log_return,2,1,none,0.02,35,0.040229885057471264
te,log_return,2,1,none,0.05,61,0.07011494252873564
te,log_return,2,1,none,0.1,117,0.13448275862068965
te,log_return,2,1,none,0.2,216,0.2482758620689655
te,log_return,2,1,none,0.3,303,0.3482758620689655
te,log_return,2,1,none,0.5,439,0.5045977011494253
te,log_return,2,1,5,0.001,0,0.0
te,log_return,2,1,5,0.005,9,0.010344827586206896
te,log_return,2,1,5,0.01,19,0.021839080459770115
te,log_return,2,1,5,0.02,35,0.040229885057471264
te,log_return,2,1,5,0.05,58,0.06666666666666667
te,log_return,2,1,5,0.1,102,0.11724137931034483
te,log_return,2,1,5,0.2,142,0.1632183908045977
te,log_return,2,1,5,0.3,149,0.17126436781609194
te,log_return,2,1,5,0.5,150,0.1724137931034483
te,log_return,2,1,4,0.001,0,0.0
te,log_return,2,1,4,0.005,9,0.010344827586206896
te,log_return,2,1,4,0.01,19,0.021839080459770115
te,log_return,2,1,4,0.02,35,0.040229885057471264
te,log_return,2,1,4,0.05,55,0.06321839080459771
te,log_return,2,1,4,0.1,91,0.10459770114942529
te,log_return,2,1,4,0.2,116,0.13333333333333333
te,log_return,2,1,4,0.3,120,0.13793103448275862
te,log_return,2,1,4,0.5,120,0.13793103448275862
te,log_return,2,2,none,0.001,0,0.0
te,log_return,2,2,none,0.005,13,0.014942528735632184
te,log_return,2,2,none,0.01,16,0.01839080459770115
te,log_return,2,2,none,0.02,23,0.026436781609195402
te,log_return,2,2,none,0.05,54,0.06206896551724138
te,log_return,2,2,none,0.1,87,0.1
te,log_return,2,2,none,0.2,203,0.23333333333333334
te,log_return,2,2,none,0.3,282,0.32413793103448274
te,log_return,2,2,none,0.5,482,0.5540229885057472
te,log_return,2,2,5,0.001,0,0.0
te,log_return,2,2,5,0.005,13,0.014942528735632184
te,log_return,2,2,5,0.01,16,0.01839080459770115
te,log_return,2,2,5,0.02,23,0.026436781609195402
te,log_return,2,2,5,0.05,54,0.06206896551724138
te,log_return,2,2,5,0.1,77,0.08850574712643679
te,log_return,2,2,5,0.2,132,0.15172413793103448
te,log_return,2,2,5,0.3,146,0.167816091954023
te,log_return,2,2,5,0.5,150,0.1724137931034483
te,log_return,2,2,4,0.001,0,0.0
te,log_return,2,2,4,0.005,13,0.014942528735632184
te,log_return,2,2,4,0.01,16,0.01839080459770115
te,log_return,2,2,4,0.02,23,0.026436781609195402
te,log_return,2,2,4,0.05,51,0.05862068965517241
te,log_return,2,2,4,0.1,70,0.08045977011494253
te,log_return,2,2,4,0.2,110,0.12643678160919541
te,log_return,2,2,4,0.3,119,0.1367816091954023
te,log_return,2,2,4,0.5,120,0.13793103448275862
te,log_return,2,3,none,0.001,0,0.0
te,log_return,2,3,none,0.005,4,0.004597701149425287
te,log_return,2,3,none,0.01,43,0.04942528735632184
te,log_return,2,3,none,0.02,48,0.05517241379310345
te,log_return,2,3,none,0.05,84,0.09655172413793103
te,log_return,2,3,none,0.1,129,0.1482758620689655
te,log_return,2,3,none,0.2,244,0.28045977011494255
te,log_return,2,3,none,0.3,337,0.3873563218390805
te,log_return,2,3,none,0.5,517,0.5942528735632184
te,log_return,2,3,5,0.001,0,0.0
te,log_return,2,3,5,0.005,4,0.004597701149425287
te,log_return,2,3,5,0.01,42,0.04827586206896552
te,log_return,2,3,5,0.02,47,0.054022988505747126
te,log_return,2,3,5,0.05,76,0.08735632183908046
te,log_return,2,3,5,0.1,105,0.1206896551724138
te,log_return,2,3,5,0.2,142,0.1632183908045977
te,log_return,2,3,5,0.3,146,0.167816091954023
te,log_return,2,3,5,0.5,148,0.17011494252873563
te,log_return,2,3,4,0.001,0,0.0
te,log_return,2,3,4,0.005,4,0.004597701149425287
te,log_return,2,3,4,0.01,41,0.047126436781609195
te,log_return,2,3,4,0.02,44,0.05057471264367816
te,log_return,2,3,4,0.05,68,0.07816091954022988
te,log_return,2,3,4,0.1,95,0.10919540229885058
te,log_return,2,3,4,0.2,116,0.13333333333333333
te,log_return,2,3,4,0.3,117,0.13448275862068965
te,log_return,2,3,4,0.5,119,0.1367816091954023
te,log_return,3,1,none,0.001,0,0.0
te,log_return,3,1,none,0.005,0,0.0
te,log_return,3,1,none,0.01,4,0.004597701149425287
te,log_return,3,1,none,0.02,14,0.016091954022988506
te,log_return,3,1,none,0.05,56,0.06436781609195402
te,log_return,3,1,none,0.1,87,0.1
te,log_return,3,1,none,0.2,164,0.18850574712643678
te,log_return,3,1,none,0.3,233,0.267816091954023
te,log_return,3,1,none,0.5,409,0.47011494252873565
te,log_return,3,1,5,0.001,0,0.0
te,log_return,3,1,5,0.005,0,0.0
te,log_return,3,1,5,0.01,4,0.004597701149425287
te,log_return,3,1,5,0.02,14,0.016091954022988506
te,log_return,3,1,5,0.05,55,0.06321839080459771
te,log_return,3,1,5,0.1,83,0.09540229885057472
te,log_return,3,1,5,0.2,131,0.15057471264367817
te,log_return,3,1,5,0.3,144,0.16551724137931034
te,log_return,3,1,5,0.5,150,0.1724137931034483
te,log_return,3,1,4,0.001,0,0.0
te,log_return,3,1,4,0.005,0,0.0
te,log_return,3,1,4,0.01,4,0.004597701149425287
te,log_return,3,1,4,0.02,14,0.016091954022988506
te,log_return,3,1,4,0.05,53,0.06091954022988506
te,log_return,3,1,4,0.1,79,0.09080459770114943
te,log_return,3,1,4,0.2,111,0.12758620689655173
te,log_return,3,1,4,0.3,118,0.135632183908046
te,log_return,3,1,4,0.5,120,0.13793103448275862
te,log_return,3,2,none,0.001,0,0.0
te,log_return,3,2,none,0.005,1,0.0011494252873563218
te,log_return,3,2,none,0.01,3,0.0034482758620689655
te,log_return,3,2,none,0.02,9,0.010344827586206896
te,log_return,3,2,none,0.05,33,0.03793103448275862
te,log_return,3,2,none,0.1,84,0.09655172413793103
te,log_return,3,2,none,0.2,155,0.1781609195402299
te,log_return,3,2,none,0.3,252,0.2896551724137931
te,log_return,3,2,none,0.5,431,0.4954022988505747
te,log_return,3,2,5,0.001,0,0.0
te,log_return,3,2,5,0.005,1,0.0011494252873563218
te,log_return,3,2,5,0.01,3,0.0034482758620689655
te,log_return,3,2,5,0.02,9,0.010344827586206896
te,log_return,3,2,5,0.05,33,0.03793103448275862
te,log_return,3,2,5,0.1,82,0.09425287356321839
te,log_return,3,2,5,0.2,124,0.1425287356321839
te,log_return,3,2,5,0.3,143,0.16436781609195403
te,log_return,3,2,5,0.5,150,0.1724137931034483
te,log_return,3,2,4,0.001,0,0.0
te,log_return,3,2,4,0.005,1,0.0011494252873563218
te,log_return,3,2,4,0.01,3,0.0034482758620689655
te,log_return,3,2,4,0.02,9,0.010344827586206896
te,log_return,3,2,4,0.05,33,0.03793103448275862
te,log_return,3,2,4,0.1,78,0.0896551724137931
te,log_return,3,2,4,0.2,106,0.12183908045977011
te,log_return,3,2,4,0.3,118,0.135632183908046
te,log_return,3,2,4,0.5,120,0.13793103448275862
te,log_return,3,3,none,0.001,0,0.0
te,log_return,3,3,none,0.005,1,0.0011494252873563218
te,log_return,3,3,none,0.01,10,0.011494252873563218
te,log_return,3,3,none,0.02,32,0.0367816091954023
te,log_return,3,3,none,0.05,73,0.0839080459770115
te,log_return,3,3,none,0.1,128,0.1471264367816092
te,log_return,3,3,none,0.2,226,0.2597701149425287
te,log_return,3,3,none,0.3,332,0.3816091954022989
te,log_return,3,3,none,0.5,458,0.5264367816091954
te,log_return,3,3,5,0.001,0,0.0
te,log_return,3,3,5,0.005,1,0.0011494252873563218
te,log_return,3,3,5,0.01,10,0.011494252873563218
te,log_return,3,3,5,0.02,32,0.0367816091954023
te,log_return,3,3,5,0.05,72,0.08275862068965517
te,log_return,3,3,5,0.1,115,0.13218390804597702
te,log_return,3,3,5,0.2,139,0.15977011494252874
te,log_return,3,3,5,0.3,149,0.17126436781609194
te,log_return,3,3,5,0.5,150,0.1724137931034483
te,log_return,3,3,4,0.001,0,0.0
te,log_return,3,3,4,0.005,1,0.0011494252873563218
te,log_return,3,3,4,0.01,10,0.011494252873563218
te,log_return,3,3,4,0.02,32,0.0367816091954023
te,log_return,3,3,4,0.05,69,0.07931034482758621
te,log_return,3,3,4,0.1,100,0.11494252873563218
te,log_return,3,3,4,0.2,115,0.13218390804597702
te,log_return,3,3,4,0.3,120,0.13793103448275862
te,log_return,3,3,4,0.5,120,0.13793103448275862
